Interwetten0_end,Interwetten0_raw,Interwetten1_end,Interwetten1_raw,Interwetten3_end,Interwetten3_raw,guest,host,league,number,result,score,session,william0_end,william0_raw,william1_end,william1_raw,william3_end,william3_raw
2.80,2.95,3.10,3.10,2.50,2.40,帕尔马,利沃诺,意甲,10001,3,2:1,,2.75,2.62,3.00,3.00,2.70,2.60
3.00,3.00,3.20,3.20,2.30,2.30,卡利亚,博洛尼,意甲,10001,0,0:1,,2.80,2.90,3.00,3.00,2.50,2.37
3.40,3.40,3.25,3.25,2.10,2.10,拉齐奥,乌迪内,意甲,10001,1,1:1,,3.50,3.30,3.20,3.20,2.15,2.10
5.10,5.10,3.40,3.40,1.70,1.70,卡塔尼,热那亚,意甲,10001,3,2:0,,5.00,5.50,3.20,3.50,1.80,1.60
4.60,4.10,3.50,3.30,1.75,1.85,桑普多,那不勒,意甲,10001,3,1:0,,4.00,3.60,3.50,3.25,1.80,1.95
4.60,4.50,3.50,3.30,1.75,1.80,亚特兰,巴勒莫,意甲,10001,3,1:0,,5.50,4.33,3.40,3.25,1.70,1.80
5.50,5.50,3.40,3.40,1.65,1.65,巴里,佛罗伦,意甲,10001,3,2:1,,4.80,4.80,3.30,3.30,1.73,1.73
3.00,3.30,3.20,3.10,2.30,2.20,AC米兰,尤文,意甲,10001,0,0:3,,3.00,3.10,3.10,3.10,2.30,2.25
2.70,2.70,3.20,3.20,2.50,2.50,赫塔费,希洪,西甲,10001,3,1:0,,2.62,2.80,3.30,3.20,2.62,2.37
1.55,1.55,3.70,3.70,6.00,6.00,巴伦西,萨雷斯,西甲,10001,0,1:3,,1.53,1.53,3.60,3.60,6.00,6.00
2.70,2.65,3.30,3.30,2.40,2.50,毕尔巴,马拉加,西甲,10001,1,1:1,,3.10,2.87,3.30,3.20,2.30,2.30
1.40,1.40,4.50,4.50,7.00,7.00,巴萨,特内里,西甲,10001,0,0:5,,1.36,1.36,4.75,4.50,8.00,7.00
4.60,4.60,3.50,3.50,1.75,1.75,奥萨苏,拉科鲁,西甲,10001,3,1:0,,3.75,4.33,3.20,3.25,2.05,1.80
3.90,3.60,3.30,3.30,1.90,2.00,萨拉戈,西班人,西甲,10001,3,2:1,,3.50,3.75,3.40,3.25,2.05,1.90
3.00,2.60,3.20,3.20,2.30,2.60,伯明翰,朴茨茅,英超,10002,0,1:2,,3.20,2.50,3.20,3.10,2.30,2.50
3.20,3.20,3.20,3.20,2.20,2.20,维冈,狼队,英超,10002,0,0:2,,3.30,2.80,3.30,3.20,2.20,2.20
15.00,15.00,6.00,6.00,1.17,1.17,伯恩利,曼联,英超,10002,3,3:0,,17.00,12.00,6.50,6.00,1.16,1.14
13.00,13.00,5.30,5.30,1.22,1.22,桑德兰,切尔西,英超,10002,3,7:2,,12.00,11.00,6.00,5.00,1.22,1.20
4.50,4.50,3.30,3.30,1.80,1.80,利沃诺,卡利亚,意甲,10002,3,3:0,,,,,,,
9.50,9.50,4.80,4.80,1.30,1.30,赫尔城,热刺,英超,10002,1,0:0,,12.00,10.00,6.00,4.80,1.22,1.22
2.50,2.50,3.20,3.20,2.70,2.70,曼城,埃弗顿,英超,10002,3,2:0,,2.55,2.40,3.40,3.25,2.62,2.50
1.90,2.00,3.30,3.30,3.90,3.60,不来梅,法兰克,德甲,10002,3,1:0,,1.83,1.95,3.50,3.25,4.00,3.60
7.00,7.00,4.00,4.00,1.45,1.45,美因茨,勒沃,德甲,10002,3,4:2,,8.00,7.00,4.75,4.20,1.36,1.40
3.10,3.10,3.30,3.30,2.20,2.20,赫塔,汉诺威,德甲,10002,0,0:3,,3.00,3.15,3.40,3.20,2.25,2.15
3.90,3.90,3.30,3.30,1.90,1.90,波鸿,门兴,德甲,10002,0,1:2,,4.00,4.00,3.60,3.30,1.80,1.83
7.00,7.00,4.00,4.00,1.45,1.45,弗赖堡,汉堡,德甲,10002,3,2:0,,8.50,8.00,4.33,4.20,1.40,1.36
3.10,2.90,3.30,3.30,2.20,2.30,沃尔夫,斯图加,德甲,10002,3,3:1,,3.25,3.05,3.40,3.20,2.10,2.20
1.90,1.90,3.30,3.30,3.90,3.90,国米,巴里,意甲,10002,1,2:2,,,,,,,
6.50,6.50,3.90,3.90,1.50,1.50,博洛尼,佛罗伦,意甲,10003,0,1:2,,8.00,6.50,4.00,3.60,1.44,1.50
4.30,4.30,3.40,3.40,1.80,1.80,卡塔尼,桑普多,意甲,10003,1,1:1,,5.00,4.60,3.20,3.25,1.80,1.75
3.90,3.90,3.30,3.30,1.90,1.90,巴勒莫,那不勒,意甲,10003,1,0:0,,3.40,3.40,3.10,3.10,2.10,2.10
2.20,2.20,3.20,3.20,3.20,3.20,尤文,切沃,意甲,10003,3,1:0,,2.10,2.10,3.10,3.10,3.40,3.40
14.00,14.00,5.50,5.50,1.20,1.20,锡耶纳,AC米兰,意甲,10003,3,4:0,,11.00,11.00,5.00,5.00,1.25,1.25
3.70,3.70,3.20,3.20,2.00,2.00,乌迪内,帕尔马,意甲,10003,1,0:0,,3.50,3.50,3.20,3.10,2.10,2.05
2.90,2.90,3.00,3.00,2.50,2.50,拉齐奥,亚特兰,意甲,10003,3,3:0,,2.90,2.70,3.00,3.00,2.40,2.55
5.50,5.50,3.40,3.40,1.65,1.65,热那亚,罗马,意甲,10003,3,3:0,,5.00,5.00,3.60,3.40,1.61,1.66
3.90,3.90,3.30,3.30,1.90,1.90,特内里,阿尔梅,西甲,10003,1,1:1,,3.50,3.50,3.25,3.25,2.00,2.00
2.70,3.00,3.20,3.20,2.50,2.30,赫塔费,马拉加,西甲,10003,3,1:0,,2.75,2.75,3.20,3.20,2.60,2.40
3.90,3.90,3.30,3.30,1.90,1.90,巴利亚,桑坦德,西甲,10003,1,1:1,,4.00,3.50,3.30,3.25,1.83,2.00
3.60,3.10,3.30,3.30,2.00,2.20,拉科鲁,马洛卡,西甲,10003,3,2:0,,3.75,3.30,3.25,3.25,2.05,2.05
6.50,6.50,3.90,3.90,1.50,1.50,希洪,马竞技,西甲,10003,3,3:2,,6.00,5.60,3.75,3.60,1.53,1.57
3.80,3.60,3.40,3.30,1.90,2.00,比利亚,巴伦西,西甲,10003,3,4:1,,4.00,4.00,3.30,3.30,1.83,1.85
3.90,3.40,3.30,3.25,1.90,2.10,桑普多,乌迪内,意甲,10004,0,2:3,,4.33,3.25,3.25,3.10,1.90,2.15
2.95,3.10,3.10,3.10,2.40,2.30,巴里,博洛尼,意甲,10004,3,2:1,,2.75,2.75,3.00,3.00,2.50,2.50
2.50,2.50,3.10,3.10,2.80,2.80,那不勒,利沃诺,意甲,10004,0,0:2,,2.40,2.40,3.00,3.00,2.90,2.90
4.30,4.30,3.40,3.40,1.80,1.80,亚特兰,热那亚,意甲,10004,3,2:0,,4.33,4.50,3.10,3.30,1.95,1.75
2.60,2.60,3.20,3.20,2.60,2.60,卡利亚,锡耶纳,意甲,10004,1,1:1,,2.60,2.55,3.25,3.00,2.70,2.70
3.90,3.90,3.30,3.30,1.90,1.90,切沃,拉齐奥,意甲,10004,1,1:1,,3.60,3.60,3.25,3.25,1.95,1.95
2.60,2.60,3.20,3.20,2.60,2.60,AC米兰,国米,意甲,10004,3,2:0,,2.87,2.87,3.00,3.00,2.40,2.40
2.85,2.85,3.20,3.20,2.40,2.40,佛罗伦,巴勒莫,意甲,10004,3,3:0,,2.95,2.95,3.10,3.10,2.30,2.30
2.30,2.30,3.30,3.30,2.90,2.90,奥萨苏,萨雷斯,西甲,10004,0,1:2,,2.30,2.30,3.30,3.20,3.00,2.87
7.00,7.00,4.00,4.00,1.45,1.45,萨拉戈,比利亚,西甲,10004,3,4:2,,6.00,7.00,4.00,3.80,1.53,1.44
2.90,2.60,3.20,3.10,2.35,2.50,马洛卡,西班人,西甲,10004,1,1:1,,2.87,2.75,3.30,3.20,2.40,2.37
1.70,1.60,3.50,3.70,4.90,5.40,巴伦西,特内里,西甲,10004,1,0:0,,1.72,1.61,3.50,3.60,5.00,5.00
2.55,2.55,3.30,3.30,2.55,2.55,马竞技,赫塔费,西甲,10004,3,1:0,,2.87,2.55,3.30,3.20,2.40,2.55
3.20,3.20,3.20,3.20,2.20,2.20,桑坦德,希洪,西甲,10004,0,0:1,,3.30,2.87,3.30,3.20,2.20,2.30
3.40,3.40,3.25,3.25,2.10,2.10,布莱克,西汉姆,英超,10005,1,0:0,,3.75,3.20,3.30,3.20,2.00,2.00
2.30,2.30,3.20,3.20,3.00,3.00,热刺,伯明翰,英超,10005,1,1:1,,2.25,2.20,3.30,3.20,3.10,2.80
7.00,7.00,4.00,4.00,1.45,1.45,博尔顿,利物浦,英超,10005,3,2:0,,7.50,6.50,4.50,4.00,1.40,1.40
2.60,2.60,3.20,3.20,2.60,2.60,维拉,富勒姆,英超,10005,0,0:2,,2.70,2.60,3.20,3.10,2.62,2.40
3.20,3.20,3.20,3.20,2.20,2.20,狼队,赫尔城,英超,10005,1,2:2,,3.10,2.80,3.25,3.20,2.30,2.20
2.20,2.50,3.20,3.20,3.20,2.70,埃弗顿,维冈,英超,10005,0,0:1,,2.15,2.30,3.25,3.20,3.40,2.62
1.33,1.33,4.60,4.60,9.00,9.00,切尔西,伯恩利,英超,10005,0,1:2,,1.28,1.28,5.00,4.50,11.00,8.00
3.40,3.40,3.25,3.25,2.10,2.10,科隆,法兰克,德甲,10005,0,1:2,,3.50,3.60,3.25,3.25,2.10,1.95
3.90,3.90,3.30,3.30,1.90,1.90,波鸿,赫塔,德甲,10005,1,0:0,,4.00,4.00,3.40,3.30,1.90,1.85
14.00,14.00,6.50,6.50,1.17,1.17,美因茨,拜仁,德甲,10005,3,3:0,,21.00,10.50,7.00,6.00,1.14,1.20
3.60,3.60,3.30,3.30,2.00,2.00,纽伦堡,汉诺威,德甲,10005,0,1:3,,3.40,3.30,3.25,3.25,2.15,2.05
2.00,2.00,3.40,3.40,3.50,3.50,不来梅,门兴,德甲,10005,3,4:3,,1.90,2.00,3.40,3.30,4.00,3.40
4.90,4.90,3.50,3.50,1.70,1.70,霍芬海,沙尔克,德甲,10005,3,2:0,,6.00,4.50,3.60,3.40,1.61,1.72
2.95,2.95,3.10,3.10,2.40,2.40,巴勒莫,巴里,意甲,10005,3,4:2,,2.80,2.75,3.10,3.00,2.40,2.50
5.60,4.80,3.60,3.40,1.60,1.75,拉齐奥,尤文,意甲,10006,1,1:1,,5.00,5.00,3.40,3.40,1.66,1.66
12.00,12.00,5.00,5.00,1.25,1.25,利沃诺,AC米兰,意甲,10006,1,1:1,,11.00,11.00,5.00,5.00,1.25,1.25
3.90,3.90,3.10,3.10,2.00,2.00,博洛尼,切沃,意甲,10006,1,1:1,,4.50,3.75,3.10,3.20,1.90,1.95
4.50,4.50,3.30,3.30,1.80,1.80,亚特兰,桑普多,意甲,10006,3,2:0,,4.20,4.10,3.30,3.25,1.90,1.85
3.00,3.00,3.20,3.20,2.30,2.30,佛罗伦,卡利亚,意甲,10006,1,2:2,,3.20,2.90,3.00,3.00,2.40,2.40
1.80,2.00,3.30,3.20,4.50,3.70,国米,帕尔马,意甲,10006,1,1:1,,1.95,1.85,3.25,3.25,4.00,4.10
3.20,3.40,3.20,3.25,2.20,2.10,乌迪内,卡塔尼,意甲,10006,1,1:1,,3.50,3.15,3.10,3.10,2.20,2.20
9.00,9.00,5.00,5.00,1.30,1.30,锡耶纳,罗马,意甲,10006,3,2:1,,11.00,11.00,5.00,5.00,1.25,1.25
4.00,4.00,3.40,3.40,1.85,1.85,桑坦德,赫塔费,西甲,10006,1,0:0,,4.33,4.00,3.50,3.30,1.83,1.85
3.00,3.00,3.40,3.40,2.20,2.20,巴伦西,塞维利,西甲,10006,3,2:1,,3.10,3.00,3.30,3.25,2.25,2.20
3.60,3.60,3.30,3.30,2.00,2.00,阿尔梅,巴利亚,西甲,10006,1,1:1,,3.50,3.20,3.25,3.25,2.10,2.10
5.60,5.60,3.60,3.60,1.60,1.60,奥萨苏,比利亚,西甲,10006,0,0:2,,5.50,5.50,3.50,3.60,1.66,1.57
2.00,2.00,3.30,3.30,3.60,3.60,马洛卡,萨雷斯,西甲,10006,3,2:1,,2.10,1.95,3.25,3.30,3.50,3.60
3.60,3.60,3.30,3.30,2.00,2.00,萨拉戈,特内里,西甲,10006,0,1:3,,3.50,3.30,3.25,3.25,2.10,2.05
3.20,3.20,3.20,3.20,2.20,2.20,布莱克,斯托克,英超,10007,3,3:0,,3.20,3.00,3.25,3.20,2.25,2.10
1.70,1.70,3.50,3.50,4.90,4.90,曼城,赫尔城,英超,10007,3,2:1,,1.72,1.66,3.50,3.40,5.00,4.33
3.40,3.20,3.25,3.20,2.10,2.20,富勒姆,博尔顿,英超,10007,1,0:0,,3.50,2.90,3.25,3.20,2.10,2.15
2.70,2.90,3.10,3.10,2.55,2.45,西汉姆,伯恩利,英超,10007,3,2:1,,2.80,2.62,3.25,3.20,2.50,2.30
3.60,3.40,3.30,3.25,2.00,2.10,维冈,桑德兰,英超,10007,1,1:1,,3.90,3.20,3.40,3.20,1.95,2.00
22.00,22.00,7.00,7.00,1.12,1.12,朴茨茅,曼联,英超,10007,3,5:0,,23.00,17.00,7.50,6.00,1.12,1.11
3.50,3.40,3.25,3.25,2.05,2.10,维拉,热刺,英超,10007,1,0:0,,3.90,3.40,3.40,3.20,1.95,1.95
2.15,2.20,3.20,3.20,3.30,3.20,汉堡,科隆,德甲,10007,1,3:3,,2.15,2.05,3.40,3.20,3.30,3.40
1.75,1.75,3.50,3.50,4.60,4.60,沙尔克,弗赖堡,德甲,10007,1,0:0,,1.80,1.80,3.30,3.30,4.20,4.20
1.65,1.65,3.50,3.50,5.30,5.30,勒沃,波鸿,德甲,10007,1,1:1,,1.53,1.61,3.80,3.60,5.50,5.00
5.60,5.60,3.60,3.60,1.60,1.60,汉诺威,霍芬海,德甲,10007,3,2:1,,6.50,5.50,3.80,3.60,1.53,1.57
1.70,1.70,3.50,3.50,4.90,4.90,拜仁,沃尔夫,德甲,10007,0,1:3,,1.70,1.75,3.60,3.60,5.00,4.00
2.10,2.10,3.25,3.25,3.40,3.40,斯图加,纽伦堡,德甲,10007,0,1:2,,2.10,2.00,3.20,3.20,3.30,3.50
1.90,1.90,3.20,3.20,4.10,4.10,尤文,利沃诺,意甲,10007,1,1:1,,2.05,2.05,3.10,3.10,3.60,3.60
3.00,3.00,3.00,3.00,2.45,2.45,那不勒,乌迪内,意甲,10008,3,3:1,,3.20,2.90,3.00,3.00,2.40,2.40
1.80,1.75,3.40,3.30,4.30,4.80,AC米兰,博洛尼,意甲,10008,1,0:0,,1.75,1.75,3.30,3.30,4.50,4.50
3.30,3.30,3.10,3.10,2.20,2.20,巴里,亚特兰,意甲,10008,3,1:0,,3.50,3.00,3.00,3.10,2.25,2.30
4.40,4.70,3.20,3.20,1.85,1.80,卡塔尼,拉齐奥,意甲,10008,0,0:1,,4.33,4.00,3.20,3.10,1.90,1.90
8.50,8.50,4.50,4.50,1.35,1.35,卡利亚,国米,意甲,10008,3,3:0,,7.50,7.50,4.33,4.33,1.36,1.36
4.40,4.40,3.20,3.20,1.85,1.85,切沃,热那亚,意甲,10008,3,1:0,,4.33,3.80,3.25,3.20,1.90,1.90
2.75,2.75,3.00,3.00,2.65,2.65,桑普多,锡耶纳,意甲,10008,0,1:2,,2.75,2.62,3.10,3.00,2.50,2.60
2.80,2.80,3.10,3.10,2.50,2.50,罗马,佛罗伦,意甲,10008,0,0:1,,2.87,2.87,3.00,3.00,2.40,2.40
2.10,2.10,3.25,3.25,3.40,3.40,塞维利,萨拉戈,西甲,10008,3,2:1,,2.10,2.10,3.20,3.20,3.25,3.25
3.50,3.50,3.20,3.20,2.10,2.10,希洪,阿尔梅,西甲,10008,3,3:1,,3.75,3.25,3.40,3.20,2.00,2.10
4.50,4.50,3.30,3.30,1.80,1.80,特内里,奥萨苏,西甲,10008,3,1:0,,4.33,4.20,3.40,3.30,1.83,1.80
3.00,3.00,3.20,3.20,2.30,2.30,比利亚,马洛卡,西甲,10008,3,1:0,,3.10,2.90,3.20,3.20,2.30,2.30
2.70,2.95,3.30,3.10,2.50,2.40,马竞技,桑坦德,西甲,10008,1,1:1,,2.80,2.75,3.40,3.20,2.40,2.40
3.00,2.95,3.20,3.10,2.30,2.40,拉科鲁,马拉加,西甲,10008,1,0:0,,3.10,3.00,3.20,3.20,2.30,2.25
7.50,7.50,4.30,4.30,1.40,1.40,博尔顿,曼城,英超,10009,3,2:0,,7.50,6.00,4.50,3.75,1.40,1.44
2.85,2.85,3.20,3.20,2.40,2.40,桑德兰,朴茨茅,英超,10009,1,1:1,,3.20,2.62,3.20,3.20,2.30,2.30
3.20,3.20,3.20,3.20,2.20,2.20,斯托克,维冈,英超,10009,1,1:1,,3.25,3.10,3.20,3.20,2.25,2.05
4.90,5.30,3.50,3.50,1.70,1.65,伯恩利,富勒姆,英超,10009,3,3:0,,5.25,4.80,3.40,3.40,1.72,1.61
3.00,3.00,3.20,3.20,2.30,2.30,佛罗伦,桑普多,意甲,10010,3,2:0,,2.90,2.90,3.00,3.00,2.40,2.40
3.30,3.30,2.90,2.90,2.30,2.30,博洛尼,利沃诺,意甲,10010,0,0:1,,3.20,3.00,3.10,3.10,2.25,2.30
3.60,3.55,3.30,3.10,2.00,2.10,巴里,卡利亚,意甲,10010,3,3:1,,4.00,3.50,3.10,3.10,2.00,2.05
4.90,4.60,3.50,3.50,1.70,1.75,热那亚,尤文,意甲,10010,3,3:2,,4.80,4.80,3.30,3.30,1.70,1.70
4.30,4.30,3.40,3.40,1.80,1.80,锡耶纳,切沃,意甲,10010,0,0:1,,5.50,4.50,3.25,3.30,1.75,1.75
2.95,2.95,3.10,3.10,2.40,2.40,拉齐奥,帕尔马,意甲,10010,0,0:2,,3.10,3.00,3.10,3.10,2.40,2.30
4.90,4.90,3.50,3.50,1.70,1.70,巴勒莫,罗马,意甲,10010,3,4:1,,5.10,5.10,3.40,3.40,1.66,1.66
2.30,2.40,3.20,3.20,3.00,2.85,国米,那不勒,意甲,10010,1,0:0,,2.30,2.30,3.10,3.10,3.00,3.00
1.80,1.80,3.40,3.40,4.30,4.30,巴伦西,希洪,西甲,10010,1,1:1,,1.72,1.80,3.60,3.40,4.80,4.00
4.90,4.90,3.50,3.50,1.70,1.70,阿尔梅,赫塔费,西甲,10010,1,2:2,,5.00,4.80,3.40,3.50,1.72,1.66
1.60,1.70,3.90,3.50,5.00,4.90,巴萨,马竞技,西甲,10010,3,2:1,,1.60,1.60,3.75,3.75,5.00,5.00
3.00,2.60,3.10,3.10,2.35,2.50,拉科鲁,西班人,西甲,10010,3,2:0,,3.10,3.00,3.20,3.20,2.30,2.25
3.90,3.90,3.30,3.30,1.90,1.90,毕尔巴,比利亚,西甲,10010,3,2:1,,4.33,4.00,3.50,3.40,1.83,1.80
5.60,5.60,3.60,3.60,1.60,1.60,奥萨苏,塞维利,西甲,10010,3,1:0,,6.00,5.00,3.75,3.60,1.57,1.61
14.00,14.00,5.50,5.50,1.20,1.20,桑德兰,阿森纳,英超,10012,3,2:0,,15.00,12.00,5.50,5.50,1.22,1.16
1.33,1.33,4.60,4.60,9.00,9.00,切尔西,狼队,英超,10012,0,0:2,,1.36,1.28,4.50,4.50,9.50,8.00
4.30,4.30,3.40,3.40,1.80,1.80,赫尔城,西汉姆,英超,10012,3,3:0,,5.00,4.00,3.50,3.40,1.72,1.72
3.00,3.00,3.20,3.20,2.30,2.30,斯托克,朴茨茅,英超,10012,0,1:2,,3.25,2.80,3.20,3.20,2.25,2.20
3.40,3.40,3.25,3.25,2.10,2.10,波鸿,美因茨,德甲,10012,1,0:0,,3.75,3.40,3.25,3.20,2.05,2.05
2.30,2.10,3.30,3.30,2.90,3.35,斯图加,科隆,德甲,10012,0,1:5,,2.37,2.25,3.20,3.20,3.00,3.00
7.00,7.00,4.00,4.00,1.45,1.45,汉诺威,多特,德甲,10012,3,4:1,,7.50,6.50,4.20,4.00,1.44,1.44
6.50,6.50,3.90,3.90,1.50,1.50,法兰克,汉堡,德甲,10012,1,0:0,,7.00,6.00,4.00,3.75,1.50,1.50
1.37,1.37,4.70,4.70,8.00,8.00,拜仁,纽伦堡,德甲,10012,1,1:1,,1.36,1.36,4.50,4.50,7.00,7.00
3.90,3.90,3.30,3.30,1.90,1.90,乌迪内,热那亚,意甲,10012,3,3:0,,4.00,4.00,3.30,3.20,1.83,1.90
6.70,6.70,3.80,3.80,1.50,1.50,桑普多,国米,意甲,10012,1,0:0,,6.40,6.40,3.70,3.70,1.50,1.50
7.00,7.00,4.00,4.00,1.45,1.45,萨雷斯,拉科鲁,西甲,10012,3,2:1,,6.00,6.00,3.60,3.60,1.53,1.53
2.55,2.55,3.30,3.30,2.55,2.55,塞维利,马洛卡,西甲,10012,0,1:3,,2.87,2.75,3.20,3.20,2.50,2.40
13.00,13.00,5.70,5.70,1.20,1.20,桑坦德,巴萨,西甲,10012,3,4:0,,17.00,13.00,6.50,6.00,1.16,1.18
1.90,1.90,3.30,3.30,3.90,3.90,尤文,博洛尼,意甲,10013,0,1:2,,1.85,1.95,3.30,3.20,4.50,3.75
5.30,5.30,3.50,3.50,1.65,1.65,利沃诺,佛罗伦,意甲,10013,3,2:1,,6.50,5.80,3.40,3.50,1.61,1.57
3.40,3.60,3.25,3.30,2.10,2.00,切沃,亚特兰,意甲,10013,0,0:1,,3.75,3.50,3.20,3.15,2.05,2.05
4.20,4.20,3.30,3.30,1.85,1.85,帕尔马,卡利亚,意甲,10013,3,2:0,,4.00,4.00,3.25,3.25,1.85,1.85
7.50,8.00,4.30,4.70,1.40,1.35,卡塔尼,罗马,意甲,10013,3,1:0,,8.50,8.00,4.33,4.33,1.40,1.36
2.20,2.20,3.20,3.20,3.20,3.20,那不勒,锡耶纳,意甲,10013,1,0:0,,2.30,2.15,3.10,3.10,3.30,3.25
3.90,4.00,3.30,3.40,1.90,1.85,拉齐奥,巴勒莫,意甲,10013,3,3:1,,4.10,4.00,3.25,3.20,1.95,1.90
2.00,1.90,3.30,3.30,3.60,3.90,AC米兰,巴里,意甲,10013,0,0:2,,2.10,2.05,3.25,3.15,3.60,3.50
2.50,2.40,3.30,3.30,2.65,2.80,马竞技,阿尔梅,西甲,10013,3,1:0,,2.70,2.45,3.25,3.20,2.60,2.70
10.00,10.00,5.20,5.20,1.27,1.27,比利亚,皇马,西甲,10013,3,6:2,,9.00,8.50,5.50,4.80,1.25,1.30
4.00,4.00,3.40,3.40,1.85,1.85,希洪,萨拉戈,西甲,10013,0,1:3,,4.33,3.75,3.40,3.25,1.85,1.90
4.30,4.30,3.40,3.40,1.80,1.80,巴利亚,奥萨苏,西甲,10013,1,1:1,,5.00,4.33,3.50,3.25,1.72,1.80
4.60,5.30,3.50,3.50,1.75,1.65,特内里,毕尔巴,西甲,10013,3,4:1,,4.50,4.75,3.50,3.40,1.80,1.70
3.60,3.20,3.30,3.10,2.00,2.10,西班人,马拉加,西甲,10013,3,2:1,,3.20,3.20,3.20,3.20,2.15,2.15
3.60,3.60,3.30,3.30,2.00,2.00,维冈,伯明翰,英超,10015,3,1:0,,4.20,3.30,3.30,3.25,1.90,1.95
3.60,3.35,3.30,3.30,2.00,2.10,朴茨茅,伯恩利,英超,10015,0,1:2,,3.75,3.00,3.40,3.20,2.00,2.10
3.90,4.00,3.30,3.40,1.90,1.85,狼队,博尔顿,英超,10015,3,1:0,,3.80,3.50,3.30,3.20,2.00,1.90
1.75,1.70,3.50,3.50,4.60,4.90,阿森纳,斯托克,英超,10015,0,1:3,,1.70,1.60,3.40,3.40,5.50,5.00
4.60,3.80,3.50,3.50,1.75,1.85,弗赖堡,门兴,德甲,10015,1,1:1,,4.50,4.33,3.50,3.40,1.70,1.75
2.00,2.00,3.30,3.30,3.60,3.60,不来梅,美因茨,德甲,10015,0,1:2,,1.90,1.95,3.50,3.30,3.80,3.60
3.30,3.50,3.35,3.40,2.10,2.00,纽伦堡,波鸿,德甲,10015,1,0:0,,3.40,3.40,3.20,3.10,2.20,2.10
5.10,5.10,3.60,3.60,1.65,1.65,法兰克,斯图加,德甲,10015,3,2:1,,6.00,5.50,3.60,3.40,1.60,1.60
2.80,2.80,3.40,3.40,2.30,2.30,霍芬海,赫塔,德甲,10015,0,0:2,,2.80,2.80,3.10,3.10,2.60,2.40
8.00,7.50,4.40,4.30,1.37,1.40,科隆,勒沃,德甲,10015,1,0:0,,9.50,7.00,4.75,4.50,1.33,1.36
3.50,3.50,3.25,3.25,2.05,2.05,巴里,卡塔尼,意甲,10015,3,4:0,,3.30,3.30,3.10,3.10,2.15,2.15
3.20,2.85,3.20,3.20,2.20,2.40,佛罗伦,拉齐奥,意甲,10015,1,1:1,,3.00,3.00,3.00,3.00,2.35,2.35
1.30,1.30,5.00,5.00,9.00,9.00,皇马,特内里,西甲,10015,0,1:5,,1.28,1.30,5.00,4.80,11.00,8.50
14.00,14.00,6.50,6.50,1.17,1.17,马拉加,巴萨,西甲,10015,3,2:1,,21.00,13.00,6.00,6.40,1.14,1.16
7.00,7.00,4.00,4.00,1.45,1.45,博莱格,摩纳哥,法甲,10016,3,1:0,,8.00,7.50,4.00,4.00,1.44,1.40
3.70,3.70,3.20,3.20,2.00,2.00,索肖,洛里昂,法甲,10016,3,1:0,,3.75,4.33,3.00,2.90,2.00,1.90
4.00,4.00,3.20,3.20,1.90,1.90,朗斯,图卢兹,法甲,10016,3,1:0,,4.00,4.00,3.10,3.10,1.90,1.90
9.50,9.50,4.80,4.80,1.30,1.30,尼斯,里昂,法甲,10016,3,2:0,,11.00,10.00,4.20,4.50,1.36,1.30
3.50,3.50,3.20,3.20,2.10,2.10,埃蒂安,瓦朗谢,法甲,10016,3,1:0,,3.40,3.25,3.10,3.00,2.25,2.20
3.25,3.25,3.15,3.15,2.20,2.20,雷恩,蒙彼利,法甲,10016,3,3:1,,3.50,2.90,3.10,3.00,2.20,2.37
3.15,3.15,3.10,3.10,2.25,2.25,卡利亚,切沃,意甲,10017,3,2:1,,3.40,2.90,3.10,3.00,2.25,2.40
2.85,2.60,3.20,3.20,2.40,2.60,罗马,那不勒,意甲,10017,1,2:2,,3.10,2.65,3.10,3.00,2.40,2.60
4.90,4.90,3.50,3.50,1.70,1.70,博洛尼,热那亚,意甲,10017,0,3:4,,6.00,5.00,3.30,3.30,1.60,1.70
3.40,3.40,3.25,3.25,2.10,2.10,锡耶纳,利沃诺,意甲,10017,0,1:2,,3.50,3.30,3.10,3.10,2.20,2.15
2.10,2.00,3.25,3.20,3.40,3.70,国米,乌迪内,意甲,10017,0,2:3,,1.95,1.95,3.20,3.20,3.75,3.75
3.20,2.85,3.20,3.20,2.20,2.40,桑普多,帕尔马,意甲,10017,3,1:0,,3.50,3.00,3.10,3.05,2.20,2.30
9.50,9.50,4.80,4.80,1.30,1.30,亚特兰,AC米兰,意甲,10017,3,3:1,,9.00,9.00,4.75,4.75,1.30,1.30
5.30,5.30,3.50,3.50,1.65,1.65,巴勒莫,尤文,意甲,10017,0,0:2,,5.00,5.00,3.30,3.30,1.70,1.70
2.85,2.85,3.20,3.20,2.45,2.45,马洛卡,巴利亚,西甲,10017,0,1:2,,3.00,2.90,3.20,3.10,2.40,2.37
3.40,3.40,3.25,3.25,2.10,2.10,阿尔梅,桑坦德,西甲,10017,0,0:2,,3.60,3.20,3.20,3.25,2.10,2.10
2.75,2.85,3.30,3.30,2.45,2.35,巴伦西,马竞技,西甲,10017,3,4:1,,2.75,2.70,3.50,3.20,2.40,2.45
3.90,3.90,3.30,3.30,1.90,1.90,拉科鲁,比利亚,西甲,10017,3,1:0,,4.33,3.75,3.60,3.30,1.80,1.90
6.50,5.40,3.90,3.70,1.50,1.60,毕尔巴,塞维利,西甲,10017,1,0:0,,5.50,5.00,4.00,3.40,1.57,1.66
2.40,2.50,3.10,3.20,2.95,2.50,西班人,萨雷斯,西甲,10017,1,1:1,,2.40,2.30,3.10,3.20,3.10,2.90
1.45,1.45,4.00,4.00,7.00,7.00,拜仁,科隆,德甲,10018,1,1:1,,1.40,1.40,4.20,4.20,7.00,7.00
2.20,2.10,3.20,3.30,3.20,3.35,沙尔克,法兰克,德甲,10018,0,1:4,,2.25,2.25,3.10,3.10,3.10,3.10
7.00,7.00,4.00,4.00,1.45,1.45,赫塔,汉堡,德甲,10018,3,1:0,,8.00,6.00,4.00,3.60,1.44,1.53
3.00,3.35,3.20,3.30,2.30,2.10,汉诺威,弗赖堡,德甲,10018,0,1:2,,3.10,3.10,3.30,3.10,2.30,2.25
6.00,6.00,3.70,3.70,1.55,1.55,波鸿,沃尔夫,德甲,10018,3,4:1,,7.00,6.00,4.00,3.60,1.44,1.53
3.60,3.60,3.30,3.30,2.00,2.00,斯图加,不来梅,德甲,10018,1,2:2,,3.80,3.60,3.40,3.30,1.95,1.95
5.10,5.60,3.60,3.60,1.65,1.60,门兴,多特,德甲,10018,3,3:0,,5.50,5.50,3.40,3.40,1.61,1.61
15.00,15.00,6.50,6.50,1.15,1.15,伯恩利,阿森纳,英超,10018,3,3:1,,21.00,17.00,8.00,6.50,1.12,1.10
4.30,4.00,3.40,3.40,1.80,1.85,博尔顿,西汉姆,英超,10018,0,1:2,,5.00,4.00,3.50,3.40,1.72,1.72
1.35,1.35,4.50,4.50,8.50,8.50,曼联,狼队,英超,10018,0,0:1,,1.33,1.30,4.80,4.33,10.00,8.00
3.10,3.10,3.10,3.10,2.30,2.30,图卢兹,索肖,法甲,10019,3,1:0,,3.20,2.87,3.00,3.00,2.40,2.40
4.10,4.10,3.30,3.30,1.85,1.85,摩纳哥,雷恩,法甲,10019,3,1:0,,4.50,4.33,3.40,3.25,1.72,1.80
3.60,3.60,3.30,3.30,2.00,2.00,南锡,尼斯,法甲,10019,0,2:3,,3.30,3.30,3.20,3.00,2.10,2.20
3.40,3.40,3.25,3.25,2.10,2.10,日尔曼,朗斯,法甲,10019,1,1:1,,3.40,2.90,3.10,3.00,2.25,2.37
2.30,2.30,3.20,3.20,3.00,3.00,里尔,埃蒂安,法甲,10019,1,1:1,,2.30,2.30,3.20,3.00,3.10,3.10
4.00,4.00,3.40,3.40,1.85,1.85,瓦朗谢,欧塞尔,法甲,10019,3,1:0,,4.33,3.80,3.20,3.10,1.90,1.95
1.45,1.45,4.00,4.00,7.00,7.00,里昂,博莱格,法甲,10019,1,0:0,,1.44,1.50,3.75,3.60,7.50,6.50
2.50,2.50,3.10,3.10,2.80,2.80,那不勒,博洛尼,意甲,10020,3,2:1,,2.50,2.50,3.00,3.00,2.75,2.75
3.20,3.20,3.20,3.20,2.20,2.20,帕尔马,锡耶纳,意甲,10020,1,1:1,,3.50,3.00,3.10,3.15,2.20,2.25
3.50,3.50,3.15,3.15,2.10,2.10,切沃,巴里,意甲,10020,3,1:0,,4.00,3.40,3.30,3.20,1.95,2.05
7.00,7.00,4.00,4.00,1.45,1.45,利沃诺,巴勒莫,意甲,10020,3,1:0,,6.50,6.50,3.60,3.60,1.50,1.50
3.00,3.00,3.20,3.20,2.30,2.30,乌迪内,亚特兰,意甲,10020,1,0:0,,3.10,3.00,3.10,3.15,2.40,2.25
3.50,3.50,3.25,3.15,2.05,2.10,卡塔尼,卡利亚,意甲,10020,1,2:2,,3.75,3.80,3.30,3.20,2.00,1.90
7.50,7.50,4.30,4.30,1.40,1.40,热那亚,国米,意甲,10020,1,0:0,,8.00,8.00,4.20,4.20,1.36,1.36
3.50,3.50,3.15,3.15,2.10,2.10,拉齐奥,桑普多,意甲,10020,3,2:1,,3.60,3.40,3.20,3.20,2.10,2.05
4.90,4.90,3.50,3.50,1.70,1.70,巴利亚,毕尔巴,西甲,10020,3,2:0,,5.00,4.50,3.60,3.40,1.70,1.72
4.90,4.90,3.50,3.50,1.70,1.70,希洪,马洛卡,西甲,10020,3,3:0,,5.50,4.50,3.75,3.40,1.61,1.72
5.60,5.60,3.60,3.60,1.60,1.60,萨雷斯,马拉加,西甲,10020,0,2:4,,6.00,5.25,3.60,3.60,1.61,1.60
2.55,2.75,3.30,3.40,2.55,2.40,马竞技,萨拉戈,西甲,10020,1,1:1,,2.50,2.62,3.30,3.20,2.75,2.50
3.35,3.35,3.30,3.30,2.10,2.10,赫塔费,奥萨苏,西甲,10020,1,0:0,,3.20,3.20,3.30,3.25,2.20,2.10
2.70,2.50,3.20,3.10,2.50,2.60,比利亚,西班人,西甲,10020,1,0:0,,2.62,2.75,3.30,3.20,2.60,2.40
3.40,3.60,3.25,3.30,2.10,2.00,博尔顿,桑德兰,英超,10021,3,4:0,,3.75,3.75,3.20,3.20,2.05,1.83
2.85,3.05,3.20,3.20,2.40,2.25,斯托克,伯恩利,英超,10021,1,1:1,,3.00,2.87,3.25,3.25,2.37,2.15
2.50,2.20,3.30,3.30,2.65,3.10,沃尔夫,门兴,德甲,10022,0,0:4,,2.75,2.30,3.30,3.25,2.50,2.87
3.20,3.20,3.20,3.20,2.20,2.20,科隆,美因茨,德甲,10022,3,1:0,,3.25,3.10,3.40,3.10,2.05,2.20
2.90,2.90,3.30,3.30,2.30,2.30,法兰克,汉诺威,德甲,10022,3,2:1,,2.87,2.62,3.30,3.20,2.45,2.50
3.35,3.35,3.30,3.30,2.10,2.10,纽伦堡,赫塔,德甲,10022,0,1:2,,3.40,3.40,3.20,3.20,2.05,2.05
15.00,15.00,6.50,6.50,1.17,1.15,弗赖堡,拜仁,德甲,10022,3,2:1,,17.00,15.00,6.50,6.00,1.16,1.16
1.95,2.30,3.30,3.30,3.80,2.90,多特,波鸿,德甲,10022,0,1:4,,1.90,2.25,3.40,3.20,3.50,3.00
2.40,2.50,3.10,3.20,2.95,2.70,埃弗顿,伯明翰,英超,10022,1,2:2,,2.37,2.30,3.10,3.20,3.10,2.62
3.60,3.60,3.30,3.30,2.00,2.00,维冈,博尔顿,英超,10022,3,4:0,,3.60,3.20,3.25,3.20,2.10,2.00
3.20,3.20,3.20,3.20,2.20,2.20,狼队,伯恩利,英超,10022,0,1:2,,3.20,2.80,3.20,3.20,2.25,2.20
12.00,12.00,5.00,5.00,1.25,1.25,西汉姆,切尔西,英超,10022,3,4:1,,15.00,11.00,5.50,5.00,1.22,1.20
1.40,1.40,4.50,4.50,7.00,7.00,阿森纳,赫尔城,英超,10022,0,1:2,,1.36,1.36,5.00,4.00,8.00,7.00
2.35,2.35,3.20,3.20,2.90,2.90,维拉,斯托克,英超,10022,1,0:0,,2.30,2.15,3.20,3.20,3.10,2.90
2.20,2.20,3.20,3.20,3.20,3.20,波尔多,摩纳哥,法甲,10022,1,0:0,,2.25,2.20,3.10,3.00,3.40,3.25
4.50,4.20,3.30,3.30,1.80,1.85,索肖,日尔曼,法甲,10022,3,4:1,,5.00,5.00,3.20,3.20,1.72,1.72
4.60,4.60,3.50,3.50,1.75,1.75,博莱格,南锡,法甲,10023,0,1:3,,6.00,5.00,3.60,3.40,1.61,1.66
3.60,3.60,3.30,3.30,2.00,2.00,朗斯,洛里昂,法甲,10023,3,1:0,,4.00,4.00,3.20,3.10,2.00,1.90
7.50,7.50,4.30,4.30,1.40,1.40,埃蒂安,里昂,法甲,10023,1,1:1,,8.00,9.00,4.00,4.00,1.44,1.36
3.70,3.70,3.25,3.25,2.00,2.00,欧塞尔,蒙彼利,法甲,10023,1,1:1,,3.75,3.75,3.20,3.10,2.05,2.00
8.50,8.50,4.50,4.50,1.35,1.35,切沃,AC米兰,意甲,10024,3,1:0,,9.00,9.00,4.20,4.00,1.40,1.36
1.85,1.85,3.40,3.40,4.00,4.00,罗马,利沃诺,意甲,10024,1,3:3,,1.85,1.80,3.20,3.25,4.80,4.33
2.80,2.85,3.10,3.20,2.50,2.40,桑普多,博洛尼,意甲,10024,1,1:1,,2.75,2.87,3.10,3.10,2.62,2.37
4.30,4.30,3.40,3.40,1.80,1.80,卡利亚,热那亚,意甲,10024,3,5:3,,4.50,4.33,3.50,3.25,1.80,1.80
3.40,3.60,3.25,3.30,2.10,2.00,亚特兰,帕尔马,意甲,10024,3,1:0,,4.00,3.75,3.10,3.25,2.05,1.90
9.50,9.50,4.80,4.80,1.30,1.30,锡耶纳,尤文,意甲,10024,1,3:3,,9.50,9.00,4.80,4.00,1.33,1.36
5.10,4.90,3.30,3.50,1.70,1.70,巴里,拉齐奥,意甲,10024,0,0:2,,4.80,4.00,3.25,3.25,1.83,1.85
2.85,2.85,3.20,3.20,2.40,2.40,巴勒莫,乌迪内,意甲,10024,3,3:2,,3.20,2.87,3.20,3.10,2.30,2.37
3.00,3.30,3.20,3.20,2.30,2.00,西班人,特内里,西甲,10024,3,4:1,,3.10,2.87,3.30,3.20,2.30,2.30
7.00,7.00,4.50,4.50,1.40,1.40,巴伦西,巴萨,西甲,10024,3,3:0,,8.50,8.00,5.00,4.00,1.33,1.40
7.00,7.00,4.50,4.50,1.40,1.40,萨雷斯,比利亚,西甲,10024,3,2:0,,8.50,8.50,4.33,4.33,1.33,1.33
1.30,1.25,5.00,5.50,9.00,10.00,皇马,巴利亚,西甲,10024,0,1:4,,1.30,1.30,5.00,4.50,10.00,10.00
2.90,3.50,3.30,3.30,2.30,2.10,萨拉戈,桑坦德,西甲,10024,1,0:0,,3.00,3.10,3.25,3.20,2.37,2.20
3.40,3.40,3.25,3.25,2.10,2.10,马拉加,阿尔梅,西甲,10024,3,1:0,,3.50,3.30,3.25,3.25,2.00,2.05
2.10,2.40,3.25,3.20,3.40,2.85,维拉,维冈,英超,10025,0,1:2,,2.10,2.15,3.25,3.25,3.50,2.87
2.80,2.90,3.30,3.30,2.40,2.30,霍芬海,纽伦堡,德甲,10026,1,0:0,,2.75,2.75,3.20,3.20,2.60,2.40
1.50,1.50,3.90,3.90,6.50,6.50,拜仁,法兰克,德甲,10026,3,2:1,,1.44,1.50,4.33,3.80,7.00,6.00
3.05,3.05,3.20,3.20,2.25,2.25,美因茨,弗赖堡,德甲,10026,3,1:0,,2.90,2.75,3.30,3.20,2.40,2.40
7.00,7.00,4.00,4.00,1.45,1.45,汉诺威,斯图加,德甲,10026,3,2:0,,7.50,7.00,4.20,4.20,1.44,1.40
7.50,7.50,4.60,4.60,1.37,1.37,波鸿,不来梅,德甲,10026,3,3:2,,9.00,7.00,5.00,4.50,1.33,1.36
2.60,2.80,3.20,3.30,2.60,2.40,勒沃,多特,德甲,10026,3,3:0,,2.50,2.80,3.10,3.10,2.70,2.40
3.90,3.90,3.30,3.30,1.90,1.90,南锡,埃蒂安,法甲,10026,1,0:0,,4.00,3.75,3.10,3.10,1.90,2.00
2.40,2.50,3.10,3.10,2.95,2.80,洛里昂,博莱格,法甲,10026,3,2:0,,2.30,2.37,3.00,3.00,3.10,2.90
4.20,4.20,3.25,3.25,1.85,1.85,图卢兹,雷恩,法甲,10026,3,4:1,,4.33,4.00,3.20,3.10,1.90,1.90
2.75,2.40,3.05,3.10,2.55,2.95,摩纳哥,格勒诺,法甲,10026,1,0:0,,2.75,2.37,3.00,3.00,2.50,2.90
2.65,2.65,3.10,3.10,2.60,2.60,日尔曼,尼斯,法甲,10026,3,1:0,,2.60,2.80,3.10,3.00,2.80,2.50
6.50,6.50,3.50,3.50,1.55,1.55,勒芒,欧塞尔,法甲,10026,3,2:1,,6.50,6.00,3.60,3.60,1.57,1.53
4.00,4.00,3.20,3.20,1.90,1.90,索肖,朗斯,法甲,10026,1,0:0,,4.20,3.75,3.20,3.10,1.85,2.00
3.90,3.90,3.30,3.30,1.90,1.90,热那亚,佛罗伦,意甲,10026,3,3:0,,4.33,4.33,3.25,3.25,1.80,1.80
6.50,6.50,3.90,3.90,1.50,1.50,博尔顿,埃弗顿,英超,10027,3,2:0,,7.00,6.00,4.33,3.40,1.44,1.50
3.35,3.35,3.30,3.30,2.10,2.10,赫尔城,朴茨茅,英超,10027,3,3:2,,3.60,3.40,3.50,3.25,2.00,1.90
2.20,2.10,3.20,3.25,3.20,3.40,热刺,斯托克,英超,10027,0,1:2,,2.20,2.05,3.25,3.20,3.30,3.10
3.20,3.20,3.20,3.20,2.20,2.20,伯明翰,桑德兰,英超,10027,3,3:1,,3.60,3.20,3.20,3.20,2.10,2.00
4.00,4.30,3.40,3.40,1.85,1.80,伯恩利,维冈,英超,10027,3,1:0,,4.50,4.20,3.50,3.40,1.80,1.70
12.00,12.00,5.50,5.50,1.22,1.22,西汉姆,阿森纳,英超,10027,3,2:0,,13.00,11.00,6.50,5.00,1.20,1.20
4.80,4.90,3.40,3.50,1.75,1.70,利物浦,曼联,英超,10028,3,2:1,,5.00,5.00,3.40,3.30,1.75,1.61
1.45,1.45,4.00,4.00,7.00,7.00,切尔西,布莱克,英超,10028,1,1:1,,1.44,1.40,4.00,4.00,8.00,6.50
2.30,2.40,3.20,3.20,3.00,2.85,曼城,富勒姆,英超,10028,0,1:2,,2.37,2.20,3.25,3.25,3.00,2.75
4.20,3.80,1.90,3.00,3.10,2.10,卡塔尼,切沃,意甲,10028,1,1:1,,5.00,3.40,1.83,3.10,2.70,2.10
6.00,6.00,3.70,3.70,1.55,1.55,那不勒,AC米兰,意甲,10028,1,1:1,,6.00,6.00,3.60,3.60,1.53,1.53
4.20,3.80,2.70,3.20,2.10,2.00,帕尔马,巴里,意甲,10028,1,1:1,,4.20,3.90,2.90,3.15,2.10,1.90
3.70,3.40,3.20,3.25,2.00,2.10,博洛尼,锡耶纳,意甲,10028,3,1:0,,3.75,3.40,3.20,3.10,2.05,2.10
3.20,3.20,3.20,3.20,2.20,2.20,拉齐奥,卡利亚,意甲,10028,0,0:2,,3.50,3.50,3.10,3.10,2.05,2.05
2.70,2.50,3.20,3.20,2.50,2.70,尤文,桑普多,意甲,10028,3,1:0,,2.70,2.50,3.10,3.00,2.50,2.75
3.50,2.90,3.40,3.30,2.00,2.30,马竞技,马洛卡,西甲,10028,3,4:1,,3.50,2.87,3.40,3.20,2.00,2.30
2.60,2.60,3.20,3.20,2.60,2.60,比利亚,马拉加,西甲,10028,3,2:0,,2.50,2.50,3.20,3.20,2.62,2.62
5.60,6.50,3.60,3.90,1.60,1.50,阿尔梅,巴伦西,西甲,10028,3,2:0,,5.50,6.40,3.60,3.70,1.57,1.50
3.40,3.30,3.00,3.20,2.20,2.15,桑坦德,奥萨苏,西甲,10028,0,1:3,,3.50,3.50,3.00,3.25,2.10,2.00
1.30,1.33,5.00,4.80,9.00,8.00,巴萨,萨拉戈,西甲,10028,0,2:4,,1.30,1.30,5.00,4.75,11.00,9.00
2.60,2.70,2.80,3.20,2.90,2.50,桑普多,巴里,意甲,10029,3,2:1,,2.70,3.00,2.90,3.10,2.90,2.30
1.90,1.90,3.30,3.30,3.90,3.90,罗马,博洛尼,意甲,10029,0,0:2,,1.85,1.95,3.30,3.10,4.00,3.80
2.40,2.50,3.10,3.10,2.95,2.80,佛罗伦,卡塔尼,意甲,10029,3,1:0,,2.40,2.50,3.00,2.90,2.90,2.90
1.80,1.90,3.40,3.30,4.30,3.90,AC米兰,帕尔马,意甲,10029,3,1:0,,1.72,1.80,3.30,3.20,4.80,4.50
13.00,12.00,5.70,5.50,1.20,1.22,利沃诺,国米,意甲,10029,3,3:0,,13.00,11.00,5.00,5.00,1.22,1.25
4.00,4.00,3.40,3.40,1.85,1.85,锡耶纳,拉齐奥,意甲,10029,3,2:0,,4.80,4.20,3.30,3.20,1.80,1.85
4.90,4.30,3.50,3.40,1.70,1.80,卡利亚,亚特兰,意甲,10029,3,3:1,,4.50,3.20,3.50,3.20,1.80,2.15
5.60,5.10,3.60,3.40,1.60,1.70,切沃,乌迪内,意甲,10029,1,0:0,,5.50,4.00,3.50,3.10,1.66,1.90
7.00,6.50,4.00,3.90,1.45,1.50,马拉加,巴伦西,西甲,10029,3,1:0,,6.50,6.00,4.50,3.80,1.44,1.50
2.60,2.40,3.20,3.30,2.60,2.80,比利亚,特内里,西甲,10029,1,2:2,,2.62,2.40,3.30,3.20,2.62,2.70
17.00,13.00,7.50,7.00,1.12,1.15,奥萨苏,巴萨,西甲,10029,3,2:0,,21.00,15.00,9.00,6.00,1.10,1.16
3.35,3.30,3.30,3.20,2.10,2.00,西班人,巴利亚,西甲,10029,1,0:0,,3.40,3.00,3.20,3.20,2.20,2.25
2.80,2.80,3.30,3.30,2.40,2.40,马洛卡,桑坦德,西甲,10029,1,0:0,,3.00,2.70,3.20,3.20,2.40,2.40
3.10,3.10,3.30,3.30,2.20,2.20,萨拉戈,阿尔梅,西甲,10029,3,1:0,,3.40,3.50,3.25,3.20,2.15,2.00
1.55,1.55,3.70,3.70,6.00,6.00,阿森纳,伯明翰,英超,10030,1,1:1,,1.57,1.53,3.60,3.80,6.50,6.50
1.43,1.43,4.10,4.10,7.30,7.30,曼联,博尔顿,英超,10030,0,0:4,,1.40,1.40,4.33,4.50,8.50,8.00
8.00,8.00,4.70,4.70,1.35,1.35,维拉,切尔西,英超,10030,3,7:1,,9.00,8.50,4.50,4.60,1.36,1.36
3.10,3.10,3.30,3.30,2.20,2.20,富勒姆,赫尔城,英超,10030,3,2:0,,3.00,2.87,3.20,3.20,2.40,2.50
13.00,10.00,5.30,5.50,1.22,1.25,朴茨茅,热刺,英超,10030,3,2:0,,17.00,15.00,6.00,6.00,1.20,1.20
2.05,2.05,3.30,3.30,3.40,3.40,埃弗顿,狼队,英超,10030,1,0:0,,1.95,2.00,3.30,3.30,4.00,3.80
3.60,3.80,3.30,3.30,2.00,1.95,斯托克,西汉姆,英超,10030,0,0:1,,3.60,3.60,3.20,3.20,2.10,2.10
3.20,3.20,3.20,3.20,2.20,2.20,沙尔克,勒沃,德甲,10030,0,0:2,,3.20,3.00,3.25,3.25,2.25,2.20
5.60,6.20,3.60,4.00,1.60,1.50,斯图加,拜仁,德甲,10030,0,1:2,,5.50,5.50,3.75,3.80,1.61,1.53
2.40,2.40,3.30,3.30,2.80,2.80,沃尔夫,美因茨,德甲,10030,0,0:2,,2.50,2.45,3.20,3.25,2.80,2.62
3.20,3.20,3.20,3.20,2.20,2.20,科隆,汉诺威,德甲,10030,0,1:4,,3.10,2.90,3.25,3.25,2.30,2.25
7.00,8.00,4.50,4.60,1.40,1.37,纽伦堡,不来梅,德甲,10030,3,4:2,,8.50,7.50,4.33,4.33,1.40,1.36
2.20,2.20,3.30,3.30,3.10,3.10,多特,赫塔,德甲,10030,1,0:0,,2.25,2.20,3.25,3.30,3.20,3.00
2.70,2.70,3.10,3.10,2.55,2.55,国米,罗马,意甲,10030,3,2:1,,2.62,2.62,3.00,3.00,2.60,2.60
4.20,4.00,1.90,2.00,2.60,2.60,帕尔马,切沃,意甲,10031,1,0:0,,4.50,3.40,1.83,2.50,2.75,2.30
4.90,4.90,3.50,3.50,1.70,1.70,乌迪内,佛罗伦,意甲,10031,3,4:1,,4.80,4.80,3.30,3.30,1.70,1.70
5.30,5.30,3.50,3.50,1.65,1.65,拉齐奥,AC米兰,意甲,10031,1,1:1,,5.00,6.00,3.40,3.60,1.67,1.53
2.85,2.85,3.20,3.20,2.40,2.40,热那亚,锡耶纳,意甲,10031,1,0:0,,2.70,2.87,3.20,3.00,2.60,2.40
3.20,3.20,3.20,3.20,2.20,2.20,巴里,利沃诺,意甲,10031,1,1:1,,3.40,3.25,3.20,3.00,2.20,2.20
5.30,5.30,3.50,3.50,1.65,1.65,卡利亚,桑普多,意甲,10031,1,1:1,,6.00,4.80,3.60,3.30,1.60,1.70
6.00,7.00,3.60,4.00,1.57,1.45,亚特兰,尤文,意甲,10031,3,2:1,,7.00,7.50,3.50,4.00,1.50,1.40
5.60,5.60,3.60,3.60,1.60,1.60,卡塔尼,那不勒,意甲,10031,3,1:0,,6.50,4.80,3.60,3.30,1.57,1.70
3.90,3.60,3.30,3.30,1.90,1.85,希洪,西班人,西甲,10031,1,0:0,,4.00,3.60,3.40,3.25,1.90,1.95
3.40,3.40,3.25,3.25,2.10,2.10,阿尔梅,奥萨苏,西甲,10031,3,1:0,,3.75,3.30,3.20,3.20,2.05,2.10
2.85,2.95,3.10,3.10,2.40,2.40,巴利亚,萨雷斯,西甲,10031,3,3:0,,2.87,2.60,3.20,3.20,2.50,2.50
8.00,7.80,5.30,4.80,1.30,1.35,马竞技,皇马,西甲,10031,3,3:2,,9.50,9.50,5.50,4.80,1.28,1.28
2.95,2.90,3.30,3.30,2.25,2.30,塞维利,比利亚,西甲,10031,3,3:0,,3.20,3.10,3.25,3.25,2.25,2.15
3.10,3.60,3.30,3.30,2.20,2.00,赫塔费,拉科鲁,西甲,10031,0,1:3,,3.20,3.30,3.20,3.25,2.25,2.05
14.00,14.00,5.50,5.50,1.20,1.20,狼队,阿森纳,英超,10033,3,1:0,,12.00,12.00,5.50,5.50,1.25,1.16
2.50,2.40,3.20,3.10,2.70,2.95,维拉,博尔顿,英超,10033,0,0:1,,2.50,2.25,3.10,3.20,2.90,2.75
2.00,2.30,3.30,3.20,3.60,3.00,布莱克,朴茨茅,英超,10033,1,0:0,,2.05,2.20,3.30,3.20,3.60,2.80
4.30,4.30,3.40,3.40,1.80,1.80,赫尔城,斯托克,英超,10033,3,2:0,,5.50,4.00,3.50,3.40,1.66,1.72
2.10,2.20,3.25,3.20,3.40,3.20,热刺,桑德兰,英超,10033,3,3:1,,2.15,2.00,3.25,3.20,3.40,3.20
1.70,1.70,3.50,3.50,4.90,4.90,曼城,伯恩利,英超,10033,0,1:6,,1.61,1.66,3.75,3.50,5.50,4.20
3.60,3.40,3.30,3.25,2.00,2.10,美因茨,纽伦堡,德甲,10033,3,2:0,,3.75,3.30,3.40,3.20,2.00,2.10
2.20,2.30,3.20,3.20,3.20,3.00,勒沃,法兰克,德甲,10033,3,3:2,,2.15,2.30,3.50,3.10,3.20,3.00
2.60,2.65,3.20,3.10,2.60,2.60,拜仁,沙尔克,德甲,10033,0,1:2,,2.62,2.60,3.20,3.10,2.70,2.60
3.40,3.40,3.25,3.25,2.10,2.10,波鸿,弗赖堡,德甲,10033,1,1:1,,3.30,2.90,3.30,3.25,2.00,2.25
7.00,7.00,4.00,4.00,1.45,1.45,门兴,斯图加,德甲,10033,3,2:1,,8.00,6.50,4.50,4.33,1.40,1.40
2.90,3.00,3.30,3.20,2.30,2.30,赫塔,科隆,德甲,10033,0,0:3,,2.90,2.90,3.25,3.20,2.40,2.30
2.65,2.80,3.30,3.10,2.50,2.50,不来梅,多特,德甲,10033,3,2:1,,2.87,2.70,3.25,3.30,2.30,2.40
2.65,2.65,3.10,3.10,2.60,2.60,尤文,乌迪内,意甲,10033,3,3:0,,2.60,2.60,3.10,3.10,2.60,2.60
7.00,7.00,4.00,4.00,1.45,1.45,西汉姆,埃弗顿,英超,10034,1,2:2,,8.00,6.50,4.00,4.00,1.44,1.40
1.80,1.80,3.40,3.40,4.30,4.30,利物浦,伯明翰,英超,10034,1,1:1,,1.80,1.72,3.50,3.40,4.50,4.00
3.10,3.40,3.30,3.25,2.20,2.10,维冈,富勒姆,英超,10034,3,2:1,,3.50,3.20,3.20,3.20,2.15,2.00
3.70,4.00,3.40,3.40,1.90,1.85,霍芬海,沃尔夫,德甲,10034,3,4:0,,4.20,4.00,3.50,3.40,1.85,1.80
7.00,7.00,4.00,4.00,1.45,1.45,汉诺威,汉堡,德甲,10034,1,0:0,,8.00,6.50,4.00,4.00,1.44,1.44
4.30,4.30,3.40,3.40,1.80,1.80,拉科鲁,马竞技,西甲,10034,3,3:0,,4.50,4.33,3.50,3.40,1.80,1.75
4.30,3.80,3.40,3.30,1.80,1.80,西班人,赫塔费,西甲,10034,1,1:1,,4.33,4.00,3.50,3.30,1.83,1.83
6.00,6.00,3.70,3.70,1.55,1.55,奥萨苏,巴伦西,西甲,10034,3,3:0,,6.00,6.50,3.80,3.70,1.57,1.50
1.27,1.33,5.30,4.60,9.00,9.00,皇马,桑坦德,西甲,10034,0,0:2,,1.28,1.30,5.50,4.75,9.50,8.50
2.20,2.50,3.20,3.10,3.20,2.80,比利亚,巴利亚,西甲,10034,0,0:2,,2.10,2.40,3.30,3.20,3.40,2.75
4.30,4.30,3.40,3.40,1.80,1.80,萨雷斯,希洪,西甲,10034,1,2:2,,4.80,4.50,3.50,3.40,1.75,1.72
2.90,2.90,3.10,3.10,2.45,2.45,马洛卡,阿尔梅,西甲,10034,1,1:1,,2.87,2.87,3.40,3.20,2.37,2.30
9.50,9.50,4.80,4.80,1.30,1.30,朗斯,马赛,法甲,10034,3,1:0,,10.50,8.00,4.50,4.00,1.33,1.40
3.70,3.70,3.20,3.20,2.00,2.00,日尔曼,欧塞尔,法甲,10034,1,1:1,,3.75,3.40,3.10,3.00,2.10,2.15
4.60,4.30,3.50,3.40,1.75,1.80,伯恩利,赫尔城,英超,10036,0,1:4,,4.80,4.33,3.60,3.40,1.72,1.66
4.00,4.00,3.40,3.40,1.85,1.85,桑德兰,西汉姆,英超,10036,3,1:0,,3.80,3.20,3.30,3.20,2.00,2.00
1.90,1.90,3.40,3.40,3.70,3.70,多特,美因茨,德甲,10036,3,1:0,,1.83,2.10,3.50,3.25,4.20,3.20
1.70,1.80,3.50,3.40,4.90,4.30,沙尔克,汉诺威,德甲,10036,3,4:2,,1.66,1.72,3.75,3.40,5.00,4.50
2.40,2.20,3.20,3.30,2.80,3.10,斯图加,赫塔,德甲,10036,0,0:1,,2.62,2.30,3.50,3.25,2.50,2.80
4.10,3.90,3.50,3.30,1.80,1.90,科隆,霍芬海,德甲,10036,0,0:2,,4.50,3.75,3.75,3.30,1.72,1.90
9.00,9.00,5.00,5.00,1.30,1.30,弗赖堡,不来梅,德甲,10036,3,4:0,,10.00,7.00,5.00,4.50,1.30,1.36
2.20,2.20,3.30,3.30,3.10,3.10,拜仁,勒沃,德甲,10036,1,1:1,,2.20,2.30,3.30,3.25,3.25,2.80
2.20,2.20,3.30,3.30,3.10,3.10,塞维利,马拉加,西甲,10036,0,1:2,,2.15,2.15,3.30,3.25,3.40,3.10
2.70,2.75,3.20,3.50,2.50,2.30,巴萨,皇马,西甲,10036,0,0:2,,2.70,2.62,3.40,3.40,2.50,2.37
7.00,7.00,4.00,4.00,1.45,1.45,希洪,比利亚,西甲,10036,3,1:0,,7.00,6.20,4.33,3.75,1.44,1.50
3.60,3.60,3.30,3.30,2.00,2.00,巴利亚,特内里,西甲,10036,1,0:0,,4.00,3.60,3.30,3.25,1.95,1.95
2.40,2.40,3.30,3.30,2.80,2.80,赫塔费,萨雷斯,西甲,10036,0,0:1,,2.30,2.40,3.30,3.25,3.00,2.70
7.50,7.50,4.30,4.30,1.40,1.40,伯明翰,曼城,英超,10037,3,5:1,,9.00,7.00,4.50,4.00,1.36,1.36
8.50,8.50,4.50,4.50,1.35,1.35,卡塔尼,AC米兰,意甲,10037,1,2:2,,9.00,9.00,4.33,4.33,1.33,1.33
3.60,3.60,3.30,3.30,2.00,2.00,巴里,锡耶纳,意甲,10037,3,3:2,,3.60,3.40,3.25,3.20,2.10,2.05
10.00,8.50,5.20,4.80,1.27,1.33,亚特兰,罗马,意甲,10037,3,2:1,,12.00,9.00,5.50,4.33,1.25,1.33
4.00,3.50,1.55,1.70,4.40,3.50,拉齐奥,博洛尼,意甲,10037,0,2:3,,3.75,3.75,1.55,1.60,4.50,4.33
7.00,7.00,4.00,4.00,1.45,1.45,卡利亚,尤文,意甲,10037,3,1:0,,6.50,6.50,4.00,4.00,1.44,1.44
2.40,2.50,3.20,3.20,2.85,2.70,乌迪内,利沃诺,意甲,10037,0,0:2,,2.37,2.40,3.25,3.00,3.00,2.87
7.00,7.00,4.00,4.00,1.45,1.45,切沃,巴勒莫,意甲,10037,3,3:1,,9.00,7.50,4.20,4.00,1.40,1.40
3.20,3.20,3.20,3.20,2.20,2.20,热那亚,桑普多,意甲,10037,3,1:0,,3.15,3.15,3.10,3.10,2.20,2.20
3.60,3.60,3.30,3.30,2.00,2.00,桑坦德,拉科鲁,西甲,10037,1,1:1,,3.80,3.50,3.30,3.25,2.00,2.00
2.80,2.50,3.10,3.20,2.50,2.50,马竞技,西班人,西甲,10037,3,3:0,,2.80,2.70,3.30,3.25,2.50,2.40
2.90,2.75,3.30,3.30,2.30,2.45,巴伦西,马洛卡,西甲,10037,3,3:2,,2.80,2.75,3.40,3.25,2.40,2.37
4.60,4.60,3.50,3.50,1.75,1.75,阿尔梅,毕尔巴,西甲,10037,3,4:1,,5.00,4.33,3.75,3.40,1.66,1.75
3.40,3.40,3.25,3.25,2.10,2.10,萨拉戈,奥萨苏,西甲,10037,3,2:0,,3.30,3.00,3.25,3.25,2.20,2.20
15.00,15.00,6.50,6.50,1.15,1.15,博尔顿,切尔西,英超,10038,3,1:0,,21.00,15.00,8.00,6.00,1.12,1.12
3.20,3.55,3.20,3.40,2.10,2.00,埃弗顿,维拉,英超,10038,1,2:2,,3.10,2.75,3.30,3.40,2.25,2.15
5.60,5.60,3.60,3.60,1.55,1.60,朴茨茅,维冈,英超,10038,1,0:0,,6.50,5.00,4.50,3.60,1.44,1.53
2.30,2.40,3.30,3.30,2.90,2.80,阿森纳,热刺,英超,10038,3,2:1,,2.20,2.37,3.30,3.30,3.25,2.50
1.90,2.00,3.30,3.30,3.90,3.60,塞维利,巴利亚,西甲,10038,3,2:1,,1.85,1.95,3.50,3.30,4.20,4.00
3.70,3.70,3.40,3.40,1.90,1.90,特内里,希洪,西甲,10038,0,0:2,,4.00,3.75,3.40,3.25,1.90,1.83
2.65,2.90,3.30,3.30,2.50,2.30,比利亚,赫塔费,西甲,10038,3,3:0,,2.60,2.90,3.40,3.30,2.60,2.40
7.50,7.00,4.30,4.00,1.40,1.45,萨雷斯,马竞技,西甲,10038,0,1:2,,9.00,9.00,5.00,4.50,1.33,1.36
3.60,3.60,3.30,3.30,2.00,2.00,马拉加,奥萨苏,西甲,10038,1,2:2,,4.00,4.20,3.40,3.30,1.90,1.90
3.40,3.10,3.25,3.20,2.10,2.10,西班人,桑坦德,西甲,10038,3,3:1,,3.75,3.25,3.25,3.30,2.05,2.20
2.80,2.80,3.40,3.40,2.30,2.30,马洛卡,萨拉戈,西甲,10038,1,1:1,,3.25,3.10,3.25,3.30,2.25,2.30
15.00,15.00,6.50,6.50,1.15,1.15,拉科鲁,巴萨,西甲,10038,3,3:0,,19.00,21.00,9.00,7.00,1.11,1.14
1.65,1.65,3.40,3.40,5.20,5.20,马赛,索肖,法甲,10038,0,0:1,,1.61,1.80,3.75,3.30,5.50,4.33
4.10,4.10,3.50,3.50,1.75,1.75,赫尔城,伯明翰,英超,10039,1,0:0,,5.00,3.75,3.50,3.30,1.72,1.80
2.55,2.55,3.10,3.10,2.55,2.55,埃弗顿,布莱克,英超,10039,0,2:3,,2.40,2.50,3.25,3.10,2.90,2.50
3.30,3.40,3.10,3.10,2.10,2.05,狼队,富勒姆,英超,10039,1,0:0,,3.75,3.20,3.30,3.20,2.00,2.00
3.70,3.70,3.00,3.00,2.00,2.00,博尔顿,斯托克,英超,10039,0,1:2,,3.60,3.40,3.30,3.20,2.05,1.95
4.60,4.60,3.50,3.50,1.65,1.65,伯恩利,桑德兰,英超,10039,3,2:1,,6.00,5.00,3.80,3.60,1.57,1.53
1.95,2.00,3.30,3.30,3.50,3.30,切尔西,热刺,英超,10039,3,2:1,,1.85,1.83,3.50,3.30,4.20,3.60
11.00,11.00,5.50,5.50,1.20,1.20,汉诺威,拜仁,德甲,10039,3,7:0,,11.00,13.00,6.50,5.50,1.18,1.20
7.20,7.00,4.30,4.00,1.37,1.40,门兴,沙尔克,德甲,10039,3,3:1,,8.00,7.50,4.50,4.33,1.33,1.36
6.50,7.00,3.90,4.00,1.45,1.40,美因茨,汉堡,德甲,10039,0,0:1,,7.50,6.00,4.00,4.20,1.40,1.44
2.80,2.80,3.20,3.20,2.30,2.30,纽伦堡,弗赖堡,德甲,10039,3,2:1,,3.10,3.00,3.20,3.10,2.30,2.30
3.10,3.10,3.30,3.30,2.10,2.10,勒沃,斯图加,德甲,10039,3,2:1,,3.30,3.00,3.25,3.25,2.05,2.20
2.50,2.50,3.30,3.30,2.50,2.50,不来梅,沃尔夫,德甲,10039,0,2:4,,2.40,2.50,3.40,3.25,2.62,2.60
4.60,4.30,3.50,3.40,1.65,1.75,马竞技,比利亚,西甲,10039,3,2:1,,4.50,3.80,4.00,3.50,1.70,1.83
1.35,1.40,4.50,3.90,7.30,6.00,巴萨,西班人,西甲,10039,1,0:0,,1.30,1.33,5.00,4.50,8.00,8.00
3.70,3.70,3.60,3.60,1.80,1.80,锡耶纳,卡塔尼,意甲,10040,1,2:2,,4.80,4.75,3.40,3.30,1.80,1.72
2.30,2.30,3.20,3.20,2.80,2.80,那不勒,巴里,意甲,10040,0,1:2,,2.40,2.25,3.20,3.15,3.00,3.00
2.75,2.75,3.30,3.30,2.30,2.30,佛罗伦,亚特兰,意甲,10040,3,2:1,,3.00,2.87,3.20,3.10,2.40,2.37
2.30,2.30,3.30,3.30,2.75,2.75,巴勒莫,卡利亚,意甲,10040,1,2:2,,2.37,2.37,3.10,3.10,2.87,2.87
3.10,3.10,3.30,3.30,2.10,2.10,热那亚,帕尔马,意甲,10040,0,2:3,,3.25,3.00,3.25,3.15,2.25,2.25
1.90,1.90,3.30,3.30,3.70,3.70,罗马,拉齐奥,意甲,10040,0,1:2,,2.00,2.00,3.25,3.25,3.50,3.50
2.50,2.50,3.20,3.20,2.55,2.55,AC米兰,桑普多,意甲,10040,3,2:1,,2.45,2.45,3.10,3.10,2.75,2.75
5.75,5.00,2.60,2.00,1.75,2.30,博洛尼,乌迪内,意甲,10040,1,1:1,,6.00,8.00,2.90,2.05,1.72,2.05
2.90,2.90,3.20,3.20,2.25,2.25,赫塔费,特内里,西甲,10040,3,3:2,,3.10,2.90,3.30,3.20,2.30,2.30
3.30,3.30,3.30,3.30,2.00,2.00,巴利亚,马拉加,西甲,10040,1,0:0,,3.50,3.75,3.30,3.30,2.10,1.90
2.75,2.75,3.30,3.30,2.30,2.30,桑坦德,萨雷斯,西甲,10040,1,2:2,,2.75,2.80,3.30,3.20,2.50,2.37
3.70,3.70,3.30,3.30,1.90,1.90,阿尔梅,拉科鲁,西甲,10040,1,0:0,,3.75,3.75,3.40,3.30,2.00,1.90
4.30,4.30,3.40,3.40,1.75,1.75,萨拉戈,毕尔巴,西甲,10040,1,0:0,,4.50,4.33,3.50,3.40,1.80,1.75
7.30,7.30,4.50,4.50,1.35,1.35,巴伦西,皇马,西甲,10040,3,2:0,,7.50,7.00,5.00,4.50,1.36,1.36
5.40,5.40,3.70,3.70,1.55,1.55,朴茨茅,博尔顿,英超,10041,1,2:2,,6.00,5.50,3.80,3.60,1.57,1.50
3.10,3.10,3.30,3.30,2.10,2.10,桑德兰,赫尔城,英超,10041,0,0:1,,2.90,2.80,3.30,3.30,2.40,2.15
4.00,4.00,3.40,3.40,1.80,1.80,维冈,西汉姆,英超,10041,3,3:2,,4.20,4.00,3.50,3.40,1.85,1.72
3.30,3.30,3.10,3.10,2.10,2.10,布莱克,狼队,英超,10041,1,1:1,,3.20,2.90,3.20,3.20,2.30,2.15
3.30,3.55,3.20,3.40,2.05,1.90,曼城,阿森纳,英超,10041,1,0:0,,3.75,3.10,3.40,3.40,2.00,1.95
2.10,2.10,3.40,3.40,3.00,3.00,多特,纽伦堡,德甲,10041,0,2:3,,2.25,2.20,3.30,3.25,3.20,3.00
7.30,7.30,4.50,4.50,1.35,1.35,汉诺威,勒沃,德甲,10041,3,3:0,,9.50,9.00,5.25,4.80,1.30,1.28
1.50,1.50,3.80,3.80,5.70,5.70,拜仁,门兴,德甲,10041,1,1:1,,1.44,1.50,4.60,4.00,6.50,5.50
3.20,3.20,3.20,3.20,2.10,2.10,法兰克,美因茨,德甲,10041,1,3:3,,3.25,3.10,3.25,3.30,2.25,2.15
10.00,10.00,5.00,5.00,1.25,1.25,科隆,不来梅,德甲,10041,3,1:0,,9.50,8.50,5.50,5.00,1.28,1.28
1.90,1.90,3.40,3.40,3.55,3.55,沙尔克,赫塔,德甲,10041,0,0:1,,1.90,1.90,3.60,3.50,3.75,3.50
7.30,5.50,4.50,3.90,1.35,1.50,拉科鲁,巴伦西,西甲,10041,3,1:0,,7.50,6.50,5.00,4.00,1.36,1.44
15.00,15.00,7.30,7.30,1.10,1.10,萨雷斯,巴萨,西甲,10041,3,3:1,,26.00,21.00,9.50,8.50,1.08,1.08
1.33,1.33,4.60,4.60,7.80,7.80,皇马,萨拉戈,西甲,10041,0,1:2,,1.30,1.28,5.50,5.00,9.00,9.00
5.70,5.70,3.80,3.80,1.50,1.50,切沃,佛罗伦,意甲,10042,0,0:2,,6.20,6.20,3.75,3.75,1.50,1.50
7.00,7.00,4.10,4.10,1.40,1.40,桑普多,罗马,意甲,10042,0,1:2,,7.00,7.00,3.90,3.90,1.44,1.44
3.00,3.00,3.20,3.20,2.20,2.20,拉齐奥,热那亚,意甲,10042,0,1:2,,3.10,3.25,3.10,3.15,2.40,2.15
6.50,7.00,3.90,4.10,1.45,1.40,帕尔马,博洛尼,意甲,10042,3,2:1,,6.00,5.10,4.20,3.75,1.50,1.57
7.30,7.30,4.50,4.50,1.35,1.35,巴里,尤文,意甲,10042,3,3:0,,8.00,8.00,4.00,4.00,1.40,1.40
7.00,7.30,4.10,4.50,1.40,1.35,卡利亚,那不勒,意甲,10042,1,0:0,,7.50,7.00,4.20,3.90,1.44,1.44
2.00,2.00,3.20,3.20,3.40,3.40,卡塔尼,利沃诺,意甲,10042,3,3:1,,2.37,2.05,2.40,3.15,4.33,3.40
4.40,4.40,3.60,3.60,1.65,1.65,锡耶纳,乌迪内,意甲,10042,3,4:1,,5.50,4.75,3.75,3.50,1.61,1.66
3.60,4.40,3.60,3.60,1.85,1.65,特内里,马竞技,西甲,10042,3,3:1,,3.75,5.50,3.40,3.50,2.00,1.60
2.30,2.30,3.30,3.30,2.70,2.70,塞维利,赫塔费,西甲,10042,3,4:3,,2.62,2.50,3.30,3.20,2.62,2.60
3.10,3.30,3.30,3.30,2.10,2.00,巴利亚,希洪,西甲,10042,0,0:2,,3.30,3.40,3.20,3.25,2.25,2.05
2.40,2.40,3.30,3.30,2.60,2.60,比利亚,桑坦德,西甲,10042,0,1:2,,2.40,2.30,3.20,3.20,3.00,2.87
5.50,5.50,3.90,3.90,1.50,1.50,马拉加,马洛卡,西甲,10042,1,1:1,,6.50,6.00,4.00,3.60,1.50,1.53
3.50,3.00,2.90,3.10,2.10,2.20,西班人,阿尔梅,西甲,10042,0,0:1,,3.60,3.25,3.00,3.20,2.20,2.10
3.80,3.80,3.40,3.40,1.85,1.85,维拉,曼城,英超,10043,3,3:1,,4.20,3.80,3.60,3.50,1.83,1.72
2.80,2.80,3.20,3.20,2.30,2.30,狼队,朴茨茅,英超,10043,3,3:1,,3.10,2.62,3.20,3.10,2.30,2.37
2.00,2.10,3.30,3.30,3.30,3.10,埃弗顿,斯托克,英超,10043,1,0:0,,1.91,2.00,3.50,3.20,3.90,3.20
12.00,12.00,5.50,5.50,1.20,1.20,博尔顿,热刺,英超,10043,3,1:0,,12.00,9.50,6.00,5.00,1.22,1.22
2.55,2.55,3.20,3.20,2.50,2.50,弗赖堡,科隆,德甲,10043,1,2:2,,2.80,2.70,3.30,3.30,2.30,2.40
4.70,4.70,3.70,3.70,1.60,1.60,沃尔夫,多特,德甲,10043,1,1:1,,5.00,4.50,3.75,3.60,1.57,1.66
2.75,2.75,3.30,3.30,2.30,2.30,霍芬海,法兰克,德甲,10043,0,1:2,,2.75,2.87,3.40,3.40,2.30,2.20
14.00,14.00,7.00,7.00,1.12,1.12,波鸿,拜仁,德甲,10043,3,3:1,,21.00,15.00,9.00,6.50,1.10,1.14
2.75,2.75,3.40,3.40,2.25,2.25,不来梅,沙尔克,德甲,10043,0,0:2,,2.90,2.90,3.50,3.50,2.15,2.15
3.00,3.55,3.40,3.40,2.10,1.90,纽伦堡,汉堡,德甲,10043,3,4:0,,3.40,3.75,3.30,3.50,2.10,1.85
8.50,8.50,4.80,4.80,1.30,1.30,美因茨,斯图加,德甲,10043,1,2:2,,8.50,8.50,4.80,4.80,1.30,1.30
4.30,4.70,3.70,3.70,1.65,1.60,门兴,汉诺威,德甲,10043,3,6:1,,3.80,3.80,3.60,3.60,1.80,1.80
1.50,1.50,3.90,3.90,5.50,5.50,罗马,帕尔马,意甲,10043,0,1:2,,1.50,1.50,4.00,4.00,6.50,5.50
5.50,5.50,3.90,3.90,1.50,1.50,佛罗伦,AC米兰,意甲,10043,3,1:0,,6.00,5.50,4.10,3.50,1.53,1.61
1.80,1.85,3.40,3.40,4.00,3.80,切尔西,利物浦,英超,10044,0,0:2,,1.80,1.90,3.75,3.50,4.20,3.20
2.80,3.30,3.20,3.10,2.30,2.10,西汉姆,富勒姆,英超,10044,3,3:2,,2.87,2.80,3.20,3.20,2.50,2.20
1.35,1.35,4.50,4.50,7.30,7.30,曼联,桑德兰,英超,10044,0,0:1,,1.36,1.36,5.00,4.20,7.50,6.50
1.90,2.00,3.30,3.10,3.70,3.50,那不勒,切沃,意甲,10044,0,1:2,,1.95,1.83,3.40,3.30,3.90,4.00
1.45,1.45,3.90,3.90,6.50,6.50,巴勒莫,锡耶纳,意甲,10044,0,1:2,,1.40,1.50,4.80,4.00,7.00,5.50
2.80,2.80,2.80,2.80,2.60,2.60,热那亚,巴里,意甲,10044,3,3:0,,3.60,2.62,1.95,2.80,3.00,2.80
4.00,4.00,3.40,3.40,1.80,1.80,博洛尼,亚特兰,意甲,10044,1,1:1,,5.00,4.00,3.40,3.40,1.75,1.80
4.40,4.40,1.80,1.80,3.00,3.00,乌迪内,卡利亚,意甲,10044,1,2:2,,4.00,4.00,1.73,1.67,3.40,3.60
2.10,2.20,3.20,3.20,3.20,3.00,尤文,卡塔尼,意甲,10044,1,1:1,,2.05,1.95,3.40,3.30,3.50,3.60
14.00,14.00,7.00,7.00,1.12,1.12,利沃诺,桑普多,意甲,10044,3,2:0,,21.00,15.00,8.00,6.50,1.12,1.14
1.27,1.50,5.00,3.90,9.00,5.50,国米,拉齐奥,意甲,10044,0,0:2,,1.30,1.44,5.00,4.00,10.00,6.50
3.25,3.25,3.25,3.25,2.05,2.05,马洛卡,毕尔巴,西甲,10044,0,1:3,,3.50,2.00,3.40,3.25,2.05,3.50
7.30,6.50,4.50,3.90,1.35,1.45,马竞技,塞维利,西甲,10044,3,3:1,,8.00,5.50,5.25,4.00,1.33,1.50
14.00,14.00,7.00,7.00,1.12,1.12,奥萨苏,皇马,西甲,10044,3,3:2,,21.00,7.00,9.00,3.80,1.10,1.44
3.40,3.40,3.20,3.20,2.00,2.00,斯托克,富勒姆,英超,10045,0,0:1,,3.60,3.20,3.20,3.20,2.10,2.00
3.70,3.70,3.30,3.30,1.90,1.90,热刺,曼城,英超,10045,0,0:1,,3.75,3.25,3.50,3.40,1.95,1.91
4.00,4.00,3.40,3.40,1.80,1.80,马拉加,毕尔巴,西甲,10045,1,1:1,,4.00,4.50,3.40,3.40,1.90,1.73
3.30,3.30,3.30,3.30,2.00,2.00,巴利亚,马竞技,西甲,10045,3,3:1,,3.30,3.60,3.40,3.30,2.15,1.95
4.60,4.60,3.50,3.50,1.65,1.65,拉科鲁,奥萨苏,西甲,10045,3,3:1,,5.50,4.20,3.75,3.50,1.61,1.75
2.20,2.20,3.30,3.30,2.90,2.90,塞维利,桑坦德,西甲,10045,0,1:5,,2.10,2.20,3.40,3.30,3.40,3.00
1.55,1.55,3.90,3.90,5.00,5.00,皇马,马洛卡,西甲,10045,0,1:4,,1.57,1.53,4.33,4.00,5.00,5.25
4.30,3.10,3.40,3.00,1.75,2.10,西班人,萨拉戈,西甲,10045,3,1:0,,5.00,4.33,3.60,3.40,1.70,1.75
4.40,4.40,3.50,3.50,1.70,1.70,瓦朗谢,日尔曼,法甲,10045,1,2:2,,5.00,4.50,3.40,3.30,1.75,1.75
4.00,3.70,3.40,3.30,1.80,1.90,摩纳哥,洛里昂,法甲,10045,1,2:2,,4.60,3.80,3.40,3.10,1.80,1.95
3.30,3.30,3.30,3.30,2.00,2.00,勒芒,南锡,法甲,10045,3,3:2,,3.75,3.50,3.25,3.10,2.05,2.05
4.60,4.60,3.50,3.50,1.65,1.65,欧塞尔,里昂,法甲,10045,3,2:1,,6.00,5.50,3.60,3.50,1.61,1.60
2.00,2.00,3.20,3.20,3.40,3.40,波尔多,尼斯,法甲,10045,1,1:1,,2.00,2.00,3.30,3.20,3.80,3.50
8.00,8.50,5.00,4.80,1.30,1.30,雷恩,马赛,法甲,10045,3,3:1,,9.00,7.50,4.50,4.00,1.36,1.40
5.30,5.30,4.00,4.00,1.50,1.50,科隆,纽伦堡,德甲,10046,3,1:0,,5.50,5.25,4.50,3.75,1.50,1.57
1.75,1.75,3.60,3.60,4.00,4.00,勒沃,门兴,德甲,10046,1,1:1,,1.70,1.73,4.00,3.75,4.50,4.00
2.40,2.55,3.20,3.10,2.70,2.55,沙尔克,美因茨,德甲,10046,1,0:0,,2.30,2.37,3.40,3.20,2.90,2.75
1.80,1.85,3.40,3.40,4.00,3.80,拜仁,赫塔,德甲,10046,0,1:3,,1.75,1.85,3.80,3.40,4.20,3.80
1.90,1.90,3.40,3.40,3.55,3.55,多特,弗赖堡,德甲,10046,3,3:1,,1.90,1.90,3.50,3.40,3.80,3.60
2.30,2.30,3.30,3.30,2.70,2.70,斯图加,霍芬海,德甲,10046,1,1:1,,2.30,2.30,3.50,3.25,2.90,2.87
2.80,2.80,3.30,3.30,2.25,2.25,汉诺威,波鸿,德甲,10046,0,0:3,,2.90,2.87,3.50,3.30,2.30,2.25
4.40,4.10,3.50,3.50,1.70,1.75,法兰克,沃尔夫,德甲,10046,3,3:1,,4.50,4.00,4.20,3.50,1.66,1.80
5.00,5.00,3.60,3.60,1.60,1.60,汉堡,不来梅,德甲,10046,1,1:1,,5.00,4.33,4.20,3.75,1.60,1.67
8.50,7.00,4.80,4.10,1.30,1.40,朗斯,欧塞尔,法甲,10046,1,0:0,,11.00,7.00,4.50,4.00,1.33,1.36
7.30,7.30,4.50,4.50,1.35,1.35,索肖,波尔多,法甲,10046,3,2:0,,11.00,8.00,4.80,4.50,1.30,1.28
,,,,,,洛里昂,蒙彼利,法甲,10046,3,2:1,,4.80,3.80,3.30,3.25,1.80,1.80
5.20,4.40,3.80,3.50,1.55,1.70,马赛,里尔,法甲,10046,3,3:2,,4.50,3.60,4.00,3.10,1.70,1.90
1.45,1.50,3.90,3.80,6.50,5.70,里昂,瓦朗谢,法甲,10046,1,2:2,,1.50,1.53,3.80,3.50,7.00,5.50
12.00,12.00,5.50,5.50,1.20,1.20,富勒姆,阿森纳,英超,10047,3,4:0,,15.00,12.00,7.00,6.00,1.16,1.14
5.40,5.70,3.70,3.80,1.55,1.50,布莱克,维拉,英超,10047,0,0:1,,6.00,5.50,3.75,3.60,1.57,1.50
3.00,3.00,3.20,3.20,2.20,2.20,伯明翰,博尔顿,英超,10047,3,2:1,,3.40,3.00,3.25,3.20,2.15,2.10
1.50,1.50,3.90,3.90,5.50,5.50,热刺,伯恩利,英超,10047,3,4:2,,1.53,1.33,4.00,4.33,6.00,7.00
25.00,25.00,10.00,10.00,1.05,1.05,维冈,切尔西,英超,10047,3,8:0,,21.00,17.00,11.00,7.00,1.08,1.08
15.00,15.00,7.30,7.30,1.10,1.10,斯托克,曼联,英超,10047,3,4:0,,21.00,15.00,8.50,7.00,1.11,1.10
,,,,,,曼城,西汉姆,英超,10047,1,1:1,,2.00,1.57,3.50,3.75,3.60,4.50
3.00,3.00,3.20,3.20,2.20,2.20,桑德兰,狼队,英超,10047,3,2:1,,3.10,2.80,3.25,3.20,2.30,2.20
1.65,1.55,3.30,3.30,4.80,5.70,拉齐奥,利沃诺,意甲,10047,0,1:2,,1.66,1.75,3.50,3.30,5.50,4.50
15.00,15.00,7.30,7.30,1.10,1.10,卡利亚,罗马,意甲,10047,3,2:1,,17.00,2.87,9.00,3.10,1.11,2.37
2.00,2.00,3.30,3.30,3.30,3.30,AC米兰,热那亚,意甲,10047,3,1:0,,2.00,1.57,3.30,3.50,3.80,5.80
20.00,20.00,7.50,7.50,1.07,1.07,切沃,国米,意甲,10047,3,4:3,,26.00,4.50,11.00,3.30,1.07,1.75
7.30,7.30,4.50,4.50,1.35,1.35,帕尔马,尤文,意甲,10047,0,2:3,,10.00,3.00,5.00,3.10,1.30,2.30
3.30,3.30,3.30,3.30,2.00,2.00,桑普多,巴勒莫,意甲,10047,1,1:1,,3.80,2.20,3.30,3.10,2.00,3.10
3.30,3.30,3.10,3.10,2.10,2.10,瓦朗谢,南锡,法甲,10048,1,1:1,,3.40,3.30,3.40,3.20,2.10,2.10
1.55,1.55,3.70,3.70,5.40,5.40,里尔,洛里昂,法甲,10048,3,2:1,,1.61,1.75,3.75,3.30,5.50,4.50
1.65,1.65,3.40,3.40,4.70,4.70,欧塞尔,索肖,法甲,10048,0,1:2,,1.72,1.80,3.50,3.30,5.00,4.33
3.70,3.20,3.30,3.00,1.90,2.20,摩纳哥,图卢兹,法甲,10048,1,0:0,,4.50,3.10,3.30,3.10,1.83,2.25
3.40,3.40,3.20,3.20,2.00,2.00,埃蒂安,尼斯,法甲,10048,1,1:1,,3.30,3.50,3.25,3.20,2.20,2.00
14.00,14.00,7.00,7.00,1.12,1.12,勒芒,里昂,法甲,10048,3,2:0,,21.00,15.00,8.00,6.50,1.12,1.14
8.50,8.50,4.80,4.80,1.30,1.30,格勒诺,马赛,法甲,10048,3,2:0,,10.00,11.00,5.50,5.50,1.28,1.22
2.80,2.80,3.20,3.20,2.30,2.30,蒙彼利,日尔曼,法甲,10048,0,1:3,,3.00,2.70,3.20,3.10,2.40,2.50
2.10,2.10,3.20,3.20,3.20,3.20,波尔多,朗斯,法甲,10048,3,4:3,,2.05,1.83,3.30,3.25,3.60,4.20
2.30,2.60,3.10,3.00,2.90,2.60,雷恩,博莱格,法甲,10048,3,1:0,,2.30,2.25,3.20,3.20,3.10,3.00
1.30,1.30,5.20,5.20,7.50,7.50,罗马,切沃,意甲,10049,0,0:2,,1.36,1.28,4.60,4.75,8.50,9.00
1.10,1.10,7.30,7.30,15.00,15.00,国米,锡耶纳,意甲,10049,0,0:1,,1.12,1.10,8.50,8.00,17.00,15.00
3.50,4.00,2.60,2.40,2.20,2.20,佛罗伦,巴里,意甲,10049,3,2:0,,3.40,3.40,3.00,2.87,2.15,2.20
1.55,1.40,3.70,4.30,5.40,6.00,巴勒莫,亚特兰,意甲,10049,0,1:2,,1.53,1.44,3.80,4.10,5.50,6.20
6.00,6.00,2.20,2.20,1.90,1.90,博洛尼,卡利亚,意甲,10049,1,1:1,,6.00,6.50,3.40,3.30,1.57,1.57
5.00,5.00,2.60,2.60,1.70,1.70,热那亚,卡塔尼,意甲,10049,3,1:0,,6.00,6.50,3.80,4.50,1.50,1.40
8.50,7.30,4.80,4.50,1.30,1.35,那不勒,桑普多,意甲,10049,3,1:0,,9.00,9.00,4.60,4.33,1.30,1.33
7.00,7.00,4.10,4.10,1.40,1.40,利沃诺,帕尔马,意甲,10049,3,4:1,,7.50,7.50,4.33,4.33,1.36,1.36
2.60,2.50,3.30,3.30,2.40,2.50,萨雷斯,奥萨苏,西甲,10049,1,1:1,,2.80,2.80,3.60,3.50,2.30,2.20
1.30,1.30,6.00,6.00,6.00,6.00,皇马,马拉加,西甲,10049,1,1:1,,1.28,1.25,6.00,5.50,8.50,9.00
3.00,3.00,3.40,3.40,2.10,2.10,特内里,巴伦西,西甲,10049,3,1:0,,3.20,2.90,3.60,3.50,2.10,2.15
20.00,20.00,10.00,10.00,1.05,1.05,巴利亚,巴萨,西甲,10049,3,4:0,,26.00,23.00,13.00,10.00,1.05,1.05
10.00,10.00,5.00,5.00,1.25,1.25,希洪,桑坦德,西甲,10049,3,2:0,,9.50,7.00,5.50,4.50,1.28,1.36
2.60,2.60,3.20,3.20,2.60,2.60,墨西哥,南非,世界杯,10059,1,1:1,,2.50,2.20,3.10,3.10,2.90,2.87
2.00,1.90,3.20,3.30,3.60,3.90,法国,乌拉圭,世界杯,10059,1,0:0,,2.20,1.90,3.00,3.10,3.60,3.60
2.65,2.40,3.00,3.10,2.70,2.90,希腊,韩国,世界杯,10059,3,2:0,,3.00,2.37,2.90,3.10,2.62,2.62
7.00,6.00,4.00,3.90,1.45,1.50,尼日利,阿根廷,世界杯,10059,3,1:0,,9.50,6.00,4.00,3.40,1.40,1.50
6.00,6.00,3.90,3.90,1.50,1.50,美国,英格兰,世界杯,10059,1,1:1,,7.00,6.50,4.00,3.60,1.50,1.44
2.30,2.30,3.10,3.30,3.10,2.90,斯洛文,阿尔及,世界杯,10059,0,0:1,,2.20,2.25,3.00,3.10,3.60,2.80
3.10,3.10,3.20,3.20,2.20,2.20,加纳,塞尔维,世界杯,10059,0,0:1,,3.75,2.75,3.20,3.10,2.05,2.30
7.00,7.00,4.00,4.00,1.45,1.45,澳大利,德国,世界杯,10059,3,4:0,,7.00,6.00,3.90,3.40,1.50,1.50
6.00,5.30,3.70,3.70,1.55,1.60,丹麦,荷兰,世界杯,10059,3,2:0,,6.50,4.50,3.80,3.30,1.53,1.66
2.10,2.00,3.20,3.30,3.30,3.50,喀麦隆,日本,世界杯,10059,3,1:0,,2.10,1.90,3.10,3.10,3.75,3.60
3.90,3.90,3.00,3.30,2.00,1.90,巴拉圭,意大利,世界杯,10059,1,1:1,,4.00,4.00,3.00,3.00,2.10,1.83
1.50,1.45,3.90,4.00,6.00,7.00,斯洛伐,新西兰,世界杯,10059,1,1:1,,1.50,1.36,3.80,4.00,7.50,7.00
2.20,2.20,3.20,3.20,3.10,3.10,葡萄牙,科特迪,世界杯,10059,1,0:0,,2.10,2.30,3.00,3.10,4.00,2.75
22.00,22.00,7.50,7.00,1.10,1.12,朝鲜,巴西,世界杯,10059,3,2:1,,26.00,17.00,9.00,7.00,1.10,1.08
1.90,2.30,3.30,3.20,3.90,3.00,尼日利,希腊,世界杯,10060,3,2:1,,2.10,2.10,3.10,3.10,3.75,3.10
3.20,3.90,3.10,3.30,2.20,1.90,墨西哥,法国,世界杯,10060,0,0:2,,3.40,3.75,3.00,3.20,2.30,1.83
5.50,4.50,3.60,3.40,1.60,1.75,塞尔维,德国,世界杯,10060,0,0:1,,5.50,4.33,3.50,3.30,1.66,1.70
2.10,2.40,3.20,3.30,3.30,2.80,美国,斯洛文,世界杯,10060,1,2:2,,2.15,2.10,3.10,3.10,3.60,3.10
12.00,9.50,5.00,4.80,1.25,1.30,阿尔及,英格兰,世界杯,10060,1,0:0,,15.00,9.00,5.00,4.20,1.25,1.28
7.00,8.50,4.00,4.50,1.45,1.35,日本,荷兰,世界杯,10060,3,1:0,,8.00,6.00,4.00,3.40,1.44,1.50
3.20,3.50,3.20,3.30,2.10,2.00,澳大利,加纳,世界杯,10060,1,1:1,,3.30,3.40,3.10,3.20,2.30,1.95
2.40,2.80,3.20,3.30,2.80,2.40,丹麦,喀麦隆,世界杯,10060,0,1:2,,2.50,3.00,3.10,3.10,2.90,2.15
2.00,2.20,3.20,3.20,3.50,3.10,巴拉圭,斯洛伐,世界杯,10060,0,0:2,,2.10,1.80,3.10,3.10,3.75,4.00
13.00,22.00,5.70,7.00,1.20,1.12,新西兰,意大利,世界杯,10060,1,1:1,,15.00,17.00,6.00,6.00,1.20,1.11
5.30,4.80,3.50,3.40,1.65,1.70,科特迪,巴西,世界杯,10060,3,3:1,,5.50,4.33,3.40,3.30,1.70,1.70
10.00,14.00,4.60,5.50,1.30,1.20,朝鲜,葡萄牙,世界杯,10060,3,7:0,,9.00,12.00,4.50,6.00,1.36,1.14
3.30,2.90,3.10,3.30,2.20,2.30,瑞士,智利,世界杯,10060,3,1:0,,3.75,3.10,3.10,3.10,2.10,2.10
20.00,15.00,7.00,6.00,1.12,1.17,洪都拉,西班牙,世界杯,10060,3,2:0,,23.00,12.00,8.50,6.00,1.11,1.14
1.50,1.45,4.00,4.00,5.80,7.00,阿根廷,希腊,世界杯,10061,0,0:2,,1.50,1.53,3.75,3.50,7.50,5.50
2.45,3.20,3.30,3.40,2.65,2.10,韩国,尼日利,世界杯,10061,1,2:2,,2.40,3.50,3.20,3.20,3.00,1.90
1.45,1.45,4.00,4.00,7.00,7.00,英格兰,斯洛文,世界杯,10061,0,0:1,,1.44,1.36,4.00,4.00,8.00,7.00
3.70,4.50,3.50,3.60,1.90,1.70,阿尔及,美国,世界杯,10061,3,1:0,,4.33,4.00,3.50,3.40,1.83,1.72
1.90,2.20,3.50,3.20,3.70,3.10,塞尔维,澳大利,世界杯,10061,3,2:1,,1.90,2.00,3.50,3.20,4.00,3.20
1.45,1.80,4.00,3.40,7.00,4.20,德国,加纳,世界杯,10061,0,0:1,,1.44,1.61,4.20,3.40,7.50,4.80
9.50,9.50,4.80,4.80,1.30,1.30,新西兰,巴拉圭,世界杯,10061,1,0:0,,8.50,11.00,4.33,5.00,1.40,1.20
1.50,1.55,3.90,3.70,6.00,6.00,意大利,斯洛伐,世界杯,10061,3,3:2,,1.53,1.50,3.75,3.40,7.00,6.00
1.75,1.70,3.40,3.60,4.50,4.50,荷兰,喀麦隆,世界杯,10061,0,1:2,,1.66,1.70,3.75,3.30,5.00,4.33
3.10,3.25,3.20,3.40,2.20,2.10,日本,丹麦,世界杯,10061,0,1:3,,3.40,3.20,3.20,3.20,2.20,2.00
1.37,1.40,4.50,4.20,7.50,7.50,科特迪,朝鲜,世界杯,10061,0,0:3,,1.33,1.20,5.00,5.00,8.50,11.00
2.40,2.00,2.90,2.80,3.10,4.30,巴西,葡萄牙,世界杯,10061,1,0:0,,2.20,1.72,3.00,3.40,3.60,4.00
1.45,1.45,4.00,4.00,7.00,7.00,西班牙,智利,世界杯,10061,0,1:2,,1.44,1.53,4.33,3.50,7.00,5.50
7.00,6.00,4.00,3.70,1.45,1.55,洪都拉,瑞士,世界杯,10061,1,0:0,,6.50,4.33,4.10,3.30,1.50,1.70
4.30,4.30,3.20,3.20,1.80,1.80,洛里昂,欧塞尔,法甲,10067,1,2:2,,4.80,4.20,3.30,3.20,1.80,1.85
4.10,4.50,3.30,3.40,1.80,1.70,阿尔勒,索肖,法甲,10067,3,2:1,,5.50,5.00,3.40,3.40,1.70,1.67
2.70,2.70,3.00,3.00,2.50,2.50,里尔,雷恩,法甲,10067,1,1:1,,2.90,3.00,3.10,3.10,2.50,2.30
4.60,5.00,3.40,3.60,1.70,1.60,布雷斯,图卢兹,法甲,10067,3,2:0,,6.00,6.00,3.60,3.50,1.61,1.55
3.20,3.30,3.00,3.10,2.20,2.10,瓦朗谢,尼斯,法甲,10067,1,0:0,,3.50,3.50,3.10,3.20,2.20,2.00
7.00,7.00,3.70,3.70,1.45,1.45,摩纳哥,里昂,法甲,10067,1,0:0,,9.00,7.50,4.20,4.00,1.40,1.40
8.50,12.00,4.80,5.50,1.30,1.20,卡昂,马赛,法甲,10067,0,1:2,,12.00,13.00,5.50,5.00,1.25,1.22
4.80,4.80,3.40,3.40,1.65,1.65,埃蒂安,日尔曼,法甲,10067,3,3:1,,5.50,5.00,3.50,3.40,1.67,1.67
3.30,3.30,3.10,3.10,2.10,2.10,南锡,朗斯,法甲,10067,0,1:2,,3.75,3.50,3.20,3.20,2.05,2.00
3.70,4.40,3.30,3.50,1.90,1.70,西汉姆,维拉,英超,10070,3,3:0,,4.00,5.00,3.40,3.50,1.91,1.57
2.50,2.50,3.20,3.20,2.55,2.55,埃弗顿,布莱克,英超,10070,3,1:0,,2.30,2.30,3.30,3.20,3.10,2.62
3.00,3.00,3.20,3.20,2.20,2.20,富勒姆,博尔顿,英超,10070,1,0:0,,3.40,3.20,3.30,3.20,2.15,2.00
3.00,3.20,3.20,3.20,2.20,2.10,伯明翰,桑德兰,英超,10070,1,2:2,,3.50,3.00,3.25,3.20,2.10,2.10
3.70,3.70,3.30,3.30,1.90,1.90,布莱浦,维冈,英超,10070,0,0:4,,4.50,2.25,3.75,3.20,1.75,2.75
2.80,3.00,3.20,3.20,2.30,2.20,斯托克,狼队,英超,10070,3,2:1,,3.00,2.70,3.20,3.10,2.37,2.30
14.00,14.00,6.20,6.20,1.15,1.15,西布罗,切尔西,英超,10070,3,6:0,,19.00,15.00,6.50,6.00,1.17,1.12
3.30,3.50,3.10,3.10,2.10,2.00,蒙彼利,摩纳哥,法甲,10070,1,0:0,,3.40,3.75,3.10,2.90,2.15,2.05
2.80,2.80,3.10,3.10,2.40,2.40,雷恩,南锡,法甲,10070,0,0:3,,2.87,2.87,3.00,2.90,2.60,2.50
3.40,3.40,3.20,3.20,2.00,2.00,索肖,埃蒂安,法甲,10070,3,3:2,,4.50,4.00,3.10,3.10,1.91,1.91
3.80,3.80,3.20,3.20,1.90,1.90,尼斯,洛里昂,法甲,10070,0,1:2,,4.80,4.20,3.25,3.25,1.83,1.83
2.60,2.60,3.00,3.00,2.60,2.60,欧塞尔,布雷斯,法甲,10070,1,1:1,,2.50,2.37,3.10,3.00,2.90,2.90
2.10,1.90,3.20,3.30,3.20,3.70,马赛,瓦朗谢,法甲,10070,3,3:2,,2.15,2.00,3.20,3.20,3.50,3.50
2.70,2.70,3.20,3.20,2.40,2.40,阿森纳,利物浦,英超,10071,1,1:1,,3.20,2.62,3.30,3.10,2.25,2.37
11.00,11.00,5.30,5.30,1.22,1.22,纽卡斯,曼联,英超,10071,3,3:0,,12.00,11.00,6.00,5.50,1.22,1.16
4.80,4.80,3.40,3.40,1.65,1.65,图卢兹,波尔多,法甲,10071,0,1:2,,5.00,6.50,3.25,3.60,1.80,1.50
2.00,1.85,3.20,3.30,3.40,3.90,里昂,卡昂,法甲,10071,3,3:2,,2.10,1.80,3.20,3.20,3.60,4.50
13.00,13.00,5.80,5.80,1.17,1.17,布莱浦,阿森纳,英超,10072,3,6:0,,17.00,15.00,7.50,6.00,1.14,1.12
2.80,2.80,3.20,3.20,2.30,2.30,布莱克,伯明翰,英超,10072,3,2:1,,3.20,2.87,3.10,3.10,2.30,2.20
5.70,5.70,3.80,3.80,1.50,1.50,狼队,埃弗顿,英超,10072,1,1:1,,8.00,6.50,4.00,3.60,1.44,1.44
2.20,2.00,3.20,3.20,3.00,3.40,热刺,斯托克,英超,10072,0,1:2,,2.15,1.95,3.20,3.20,3.50,3.40
3.00,2.70,3.20,3.20,2.20,2.40,桑德兰,西布罗,英超,10072,3,1:0,,3.50,2.62,3.30,3.20,2.10,2.30
2.90,2.90,3.30,3.30,2.20,2.20,博尔顿,西汉姆,英超,10072,0,1:3,,3.30,2.90,3.20,3.20,2.25,2.15
1.28,1.28,4.90,4.90,9.00,9.00,切尔西,维冈,英超,10072,0,0:6,,1.25,1.20,5.50,5.00,12.00,11.00
3.10,3.30,3.30,3.30,2.10,2.00,凯泽,科隆,德甲,10072,0,1:3,,3.30,3.10,3.20,3.40,2.20,2.10
3.30,3.30,3.30,3.30,2.00,2.00,纽伦堡,门兴,德甲,10072,1,1:1,,4.00,3.75,3.40,3.50,1.91,1.85
2.75,2.75,3.30,3.30,2.30,2.30,法兰克,汉诺威,德甲,10072,3,2:1,,2.62,2.75,3.20,3.30,2.70,2.35
2.50,2.10,3.30,3.30,2.50,3.10,不来梅,霍芬海,德甲,10072,3,4:1,,2.60,2.25,3.40,3.40,2.60,2.80
2.80,2.80,3.20,3.20,2.30,2.30,沙尔克,汉堡,德甲,10072,3,2:1,,3.20,2.90,3.40,3.20,2.20,2.30
1.55,1.55,3.70,3.70,5.40,5.40,曼联,富勒姆,英超,10073,1,2:2,,1.57,1.57,3.75,3.50,6.00,5.00
2.75,2.75,3.30,3.30,2.30,2.30,勒沃,多特,德甲,10073,0,0:2,,3.20,2.75,3.30,3.30,2.25,2.35
2.30,2.50,3.20,3.20,2.80,2.60,富勒姆,布莱浦,英超,10074,1,2:2,,2.30,2.20,3.25,3.20,3.10,2.80
14.00,14.00,7.00,7.00,1.12,1.12,斯托克,切尔西,英超,10074,3,2:0,,26.00,17.00,8.00,6.50,1.11,1.10
10.00,10.00,5.00,5.00,1.25,1.25,维冈,热刺,英超,10074,0,0:1,,12.00,10.00,5.50,4.80,1.25,1.22
2.70,2.70,3.20,3.20,2.40,2.40,纽卡斯,狼队,英超,10074,1,1:1,,2.90,2.62,3.25,3.20,2.40,2.30
13.00,13.00,5.80,5.80,1.17,1.17,西汉姆,曼联,英超,10074,3,3:0,,21.00,15.00,6.50,6.00,1.15,1.12
3.30,3.40,3.30,3.20,2.00,1.90,弗赖堡,纽伦堡,德甲,10074,0,1:2,,4.00,3.20,3.50,3.30,1.85,2.10
2.30,2.30,3.20,3.20,2.80,2.80,汉堡,法兰克,德甲,10074,0,1:3,,2.20,2.25,3.30,3.30,3.30,2.90
7.30,7.30,4.50,4.50,1.35,1.35,汉诺威,沙尔克,德甲,10074,0,1:2,,9.00,7.50,4.50,4.60,1.36,1.35
5.00,4.40,3.60,3.50,1.60,1.70,美因茨,沃尔夫,德甲,10074,0,3:4,,5.50,5.00,4.40,3.75,1.53,1.60
7.00,7.30,4.10,4.50,1.40,1.35,科隆,不来梅,德甲,10074,3,4:2,,7.50,7.50,4.50,4.60,1.40,1.35
2.30,2.30,3.30,3.30,2.70,2.70,霍芬海,圣保利,德甲,10074,0,0:1,,2.30,2.30,3.40,3.25,3.00,2.85
3.40,3.40,3.20,3.20,2.00,1.90,朗斯,埃蒂安,法甲,10074,3,3:1,,4.00,3.80,3.10,3.10,2.10,1.95
2.20,2.20,3.10,3.10,3.10,3.10,里昂,洛里昂,法甲,10074,3,2:0,,2.30,2.37,3.10,3.10,3.30,2.90
3.10,3.40,3.00,3.20,2.25,1.90,蒙彼利,瓦朗谢,法甲,10074,0,0:1,,3.60,3.40,3.00,3.00,2.20,2.15
2.00,2.10,3.20,3.20,3.40,3.20,尤文,巴里,意甲,10075,3,1:0,,2.20,2.10,3.10,3.15,3.50,3.30
3.40,3.40,3.00,3.00,2.10,2.10,卡塔尼,切沃,意甲,10075,3,2:1,,3.50,3.50,3.10,3.15,2.20,2.05
3.10,3.10,3.10,3.10,2.20,2.20,那不勒,佛罗伦,意甲,10075,1,1:1,,3.50,3.10,3.10,3.10,2.20,2.20
8.50,8.50,4.80,4.80,1.30,1.30,莱切,AC米兰,意甲,10075,3,4:0,,11.00,9.50,5.00,4.75,1.28,1.28
4.00,4.00,3.40,3.40,1.80,1.80,布雷西,帕尔马,意甲,10075,3,2:0,,3.75,4.60,3.20,3.25,1.83,1.75
3.30,3.30,3.10,3.10,2.10,2.10,拉齐奥,桑普多,意甲,10075,3,2:0,,3.75,3.60,3.10,3.15,2.10,2.00
4.50,4.50,3.40,3.40,1.70,1.70,卡利亚,巴勒莫,意甲,10075,1,0:0,,5.50,5.00,3.60,3.25,1.65,1.70
3.40,3.40,3.20,3.20,2.00,2.00,阿尔梅,奥萨苏,西甲,10075,1,0:0,,3.75,3.60,3.25,3.25,2.05,1.95
3.10,3.40,3.30,3.20,2.10,2.00,萨拉戈,拉科鲁,西甲,10075,1,0:0,,3.50,3.75,3.20,3.30,2.15,1.91
3.20,3.40,3.20,3.20,2.10,2.00,赫塔费,西班人,西甲,10075,3,3:1,,3.20,3.25,3.20,3.25,2.30,2.10
2.40,2.40,3.20,3.20,2.70,2.70,比利亚,社会,西甲,10075,3,1:0,,2.30,2.40,3.20,3.20,3.20,2.70
1.27,1.27,5.00,5.00,9.00,9.00,巴萨,桑坦德,西甲,10075,0,0:3,,1.22,1.22,6.00,5.50,13.00,11.00
1.40,1.40,4.10,4.10,7.00,7.00,皇马,马洛卡,西甲,10075,1,0:0,,1.36,1.44,4.75,4.00,8.00,6.60
2.70,3.40,3.20,3.20,2.40,1.90,多特,斯图加,德甲,10075,0,1:3,,2.87,3.00,3.20,3.30,2.50,2.20
12.00,12.00,5.50,5.50,1.20,1.20,博尔顿,阿森纳,英超,10080,3,4:1,,15.00,10.00,6.00,5.50,1.20,1.20
4.00,4.00,3.40,3.40,1.80,1.80,狼队,富勒姆,英超,10080,3,2:1,,4.50,4.20,3.50,3.30,1.80,1.73
7.00,7.30,4.10,4.50,1.40,1.35,布莱克,曼城,英超,10080,1,1:1,,7.50,8.00,4.20,4.50,1.44,1.28
5.40,4.40,3.70,3.50,1.55,1.70,布莱浦,纽卡斯,英超,10080,0,0:2,,6.50,5.00,4.50,3.50,1.44,1.57
2.20,2.00,3.20,3.30,3.00,3.30,热刺,西布罗,英超,10080,1,1:1,,2.15,1.91,3.30,3.20,3.40,3.50
1.35,1.35,4.50,4.50,7.30,7.30,切尔西,西汉姆,英超,10080,0,1:3,,1.33,1.30,5.00,4.33,9.00,8.00
2.70,2.80,3.20,3.20,2.40,2.30,桑德兰,维冈,英超,10080,1,1:1,,2.90,2.62,3.25,3.20,2.40,2.30
3.10,3.10,3.30,3.30,2.10,2.10,沃尔夫,多特,德甲,10080,3,2:0,,3.60,2.90,3.50,3.30,2.00,2.25
3.20,3.20,3.20,3.20,2.10,2.10,法兰克,门兴,德甲,10080,0,0:4,,3.40,2.90,3.50,3.40,2.05,2.20
7.00,7.00,4.10,4.10,1.40,1.40,纽伦堡,汉堡,德甲,10080,1,1:1,,9.00,6.50,4.50,4.70,1.36,1.36
2.00,2.10,3.30,3.30,3.30,3.10,勒沃,汉诺威,德甲,10080,1,2:2,,1.83,2.00,3.75,3.40,4.00,3.30
2.20,2.20,3.30,3.30,2.90,2.90,斯图加,弗赖堡,德甲,10080,3,2:1,,2.15,2.15,3.40,3.30,3.30,3.10
5.40,4.60,3.70,3.50,1.55,1.65,不来梅,拜仁,德甲,10080,1,0:0,,5.50,4.80,4.50,3.80,1.50,1.60
1.50,1.50,3.90,3.90,5.50,5.50,AC米兰,切塞纳,意甲,10080,3,2:0,,1.53,1.53,3.80,3.50,6.50,6.50
2.10,2.30,3.30,3.20,3.10,2.80,利物浦,伯明翰,英超,10081,1,0:0,,2.00,2.10,3.20,3.20,4.00,3.00
3.00,3.00,3.20,3.20,2.20,2.20,凯泽,美因茨,德甲,10081,3,2:1,,3.20,3.10,3.40,3.40,2.20,2.10
3.00,3.00,3.30,3.30,2.15,2.15,圣保利,科隆,德甲,10081,3,1:0,,3.30,3.10,3.40,3.40,2.15,2.10
3.10,3.10,3.10,3.10,2.20,2.20,帕尔马,卡塔尼,意甲,10081,3,2:1,,3.20,3.00,3.10,3.15,2.30,2.25
4.40,5.00,3.50,3.60,1.70,1.60,切沃,热那亚,意甲,10081,0,1:3,,5.50,4.75,3.40,3.25,1.70,1.73
4.00,4.30,3.40,3.40,1.80,1.75,桑普多,尤文,意甲,10081,1,3:3,,4.80,4.33,3.30,3.25,1.80,1.80
4.40,4.40,3.50,3.50,1.70,1.70,博洛尼,拉齐奥,意甲,10081,3,3:1,,5.00,4.75,3.50,3.25,1.73,1.73
2.25,2.25,3.10,3.10,3.00,3.00,佛罗伦,莱切,意甲,10081,3,1:0,,2.25,2.25,3.30,3.15,3.20,3.00
4.30,4.40,3.40,3.50,1.75,1.70,巴里,那不勒,意甲,10081,1,2:2,,5.00,5.25,3.25,3.30,1.80,1.67
5.00,5.00,3.60,3.60,1.60,1.60,莱万特,赫塔费,西甲,10081,3,4:1,,6.00,5.25,3.75,3.60,1.57,1.60
3.70,3.70,3.30,3.30,1.90,1.90,马拉加,萨拉戈,西甲,10081,0,3:5,,4.20,3.75,3.30,3.30,1.91,1.91
2.80,2.80,3.20,3.20,2.30,2.30,马洛卡,希洪,西甲,10081,3,2:0,,2.90,2.70,3.30,3.20,2.40,2.45
4.00,4.30,3.40,3.40,1.80,1.75,西班人,比利亚,西甲,10081,3,4:0,,4.80,4.33,3.30,3.25,1.80,1.80
5.20,5.20,3.80,3.80,1.55,1.55,拉科鲁,塞维利,西甲,10081,1,0:0,,7.00,6.20,3.75,3.60,1.53,1.53
4.00,4.00,3.40,3.40,1.80,1.80,博尔顿,维拉,英超,10084,1,1:1,,5.00,4.20,3.75,3.25,1.67,1.73
3.30,3.30,3.20,3.20,2.05,2.05,富勒姆,布莱克,英超,10084,1,1:1,,4.00,3.20,3.25,3.20,2.00,2.00
4.40,4.40,3.50,3.50,1.70,1.70,纽卡斯,埃弗顿,英超,10084,0,0:1,,5.50,5.00,3.75,3.60,1.61,1.53
7.00,7.00,4.10,4.10,1.40,1.40,狼队,热刺,英超,10084,3,3:1,,8.00,7.00,4.00,4.00,1.44,1.36
2.90,2.70,3.10,3.00,2.30,2.50,伯明翰,西布罗,英超,10084,3,3:1,,3.40,2.80,3.20,3.20,2.20,2.20
1.70,1.75,3.50,3.40,4.40,4.30,阿森纳,桑德兰,英超,10084,1,1:1,,1.67,1.57,3.50,3.50,5.50,5.00
2.50,2.50,3.30,3.30,2.50,2.50,霍芬海,凯泽,德甲,10084,1,2:2,,2.37,2.30,3.40,3.30,2.90,2.80
10.00,10.00,5.00,5.00,1.25,1.25,科隆,拜仁,德甲,10084,1,0:0,,13.00,11.00,6.00,5.70,1.22,1.20
4.00,4.10,3.40,3.50,1.80,1.75,门兴,斯图加,德甲,10084,3,7:0,,4.00,4.20,3.40,3.50,1.91,1.75
5.00,5.00,3.60,3.60,1.60,1.60,汉诺威,沃尔夫,德甲,10084,3,2:0,,5.50,5.00,4.33,4.33,1.53,1.50
5.60,6.00,3.80,4.20,1.52,1.45,美因茨,不来梅,德甲,10084,0,0:2,,6.00,6.25,4.33,4.50,1.50,1.40
3.40,3.40,3.20,3.20,2.00,2.00,拉齐奥,佛罗伦,意甲,10084,0,1:2,,3.75,3.90,3.25,3.20,2.05,1.91
8.50,8.50,4.80,4.80,1.30,1.30,卡塔尼,AC米兰,意甲,10084,1,1:1,,12.00,9.00,4.75,4.75,1.30,1.30
1.40,1.40,4.10,4.10,7.00,7.00,皇马,社会,西甲,10084,0,1:2,,1.36,1.36,4.50,4.20,9.00,8.00
4.30,4.30,3.40,3.40,1.75,1.75,利物浦,曼联,英超,10085,3,3:2,,5.50,5.00,3.60,3.30,1.67,1.61
1.80,1.80,3.40,3.40,4.00,4.00,曼城,维冈,英超,10085,0,0:2,,1.67,1.61,3.75,3.40,5.00,4.80
14.00,14.00,7.00,7.00,1.12,1.12,布莱浦,切尔西,英超,10085,3,4:0,,21.00,17.00,9.00,8.50,1.10,1.08
5.70,7.00,3.80,4.10,1.50,1.40,博洛尼,罗马,意甲,10085,1,2:2,,7.50,8.00,4.20,4.20,1.44,1.36
2.80,2.80,3.20,3.20,2.30,2.30,热那亚,帕尔马,意甲,10085,1,1:1,,3.00,3.10,3.20,3.00,2.37,2.30
3.40,3.40,3.20,3.20,2.00,2.00,莱切,切塞纳,意甲,10085,3,1:0,,4.00,3.75,3.20,3.20,2.00,1.95
2.55,2.40,3.10,3.20,2.60,2.70,尤文,乌迪内,意甲,10085,0,0:4,,2.75,2.40,3.30,3.00,2.50,2.90
2.20,2.10,3.20,3.20,3.00,3.20,国米,巴勒莫,意甲,10085,0,1:2,,2.25,2.10,3.20,3.20,3.25,3.25
3.70,4.00,3.30,3.40,1.90,1.80,布雷西,切沃,意甲,10085,0,0:1,,4.00,4.33,3.20,3.20,2.00,1.80
3.20,3.20,3.20,3.20,2.10,2.10,那不勒,桑普多,意甲,10085,0,1:2,,3.75,3.25,3.10,3.20,2.10,2.10
1.75,1.75,3.60,3.60,4.00,4.00,巴萨,马竞技,西甲,10085,0,1:2,,1.67,1.67,4.20,3.60,4.50,4.60
2.20,2.10,3.30,3.30,2.90,3.10,塞维利,马拉加,西甲,10085,0,1:2,,2.40,2.10,3.40,3.25,2.80,3.25
2.20,2.20,3.30,3.30,2.90,2.90,巴伦西,赫库斯,西甲,10085,0,1:2,,2.25,2.05,3.30,3.25,3.10,3.40
2.90,2.90,3.30,3.30,2.20,2.20,萨拉戈,桑坦德,西甲,10085,3,2:0,,3.30,3.00,3.20,3.25,2.25,2.20
4.40,5.40,3.50,3.70,1.70,1.55,法兰克,勒沃,德甲,10086,3,2:1,,5.00,6.00,3.50,4.00,1.73,1.53
3.30,3.30,3.30,3.30,2.00,2.00,沃尔夫,汉堡,德甲,10086,0,1:3,,3.75,3.75,3.30,3.30,2.00,2.00
2.30,2.10,3.20,3.30,2.80,3.10,罗马,布雷西,意甲,10086,3,2:1,,2.37,1.91,3.20,3.20,3.00,3.50
2.80,2.80,3.20,3.20,2.30,2.30,桑普多,卡利亚,意甲,10086,1,0:0,,3.40,2.75,3.20,3.10,2.20,2.30
3.30,3.30,3.10,3.10,2.10,2.10,切塞纳,卡塔尼,意甲,10086,3,2:0,,4.20,3.75,3.10,3.10,2.00,2.10
3.10,3.10,3.20,3.20,2.15,2.15,佛罗伦,热那亚,意甲,10086,1,1:1,,3.40,2.87,3.20,3.10,2.20,2.20
7.00,7.30,4.10,4.50,1.40,1.35,巴里,国米,意甲,10086,3,4:0,,8.00,8.00,4.00,4.00,1.44,1.33
4.40,4.50,3.50,3.30,1.70,1.75,切沃,那不勒,意甲,10086,0,1:3,,5.50,5.00,3.50,3.30,1.67,1.61
2.30,2.20,3.20,3.20,2.80,3.00,AC米兰,拉齐奥,意甲,10086,1,1:1,,2.25,2.00,3.20,3.10,3.20,3.30
2.80,3.10,3.10,3.10,2.40,2.20,帕尔马,莱切,意甲,10086,1,1:1,,2.87,3.10,3.00,3.10,2.60,2.37
3.30,3.30,3.30,3.30,2.00,2.00,赫库斯,萨拉戈,西甲,10086,1,0:0,,3.50,3.80,3.25,3.25,2.10,1.80
4.00,4.00,3.40,3.30,1.80,1.85,莱万特,阿尔梅,西甲,10086,0,0:1,,4.50,3.80,3.75,3.25,1.73,1.80
14.00,15.00,7.00,7.30,1.12,1.10,希洪,巴萨,西甲,10086,3,1:0,,21.00,21.00,9.00,8.00,1.10,1.07
3.30,2.75,3.30,3.30,2.00,2.30,马竞技,巴伦西,西甲,10086,1,1:1,,4.00,3.20,3.60,3.20,1.85,2.00
12.00,12.00,5.50,5.50,1.20,1.20,西布罗,阿森纳,英超,10087,0,2:3,,13.00,12.00,5.50,5.50,1.25,1.17
3.80,3.80,3.40,3.40,1.85,1.85,维冈,伯明翰,英超,10087,1,0:0,,4.50,3.80,3.40,3.25,1.83,1.80
2.35,2.35,3.20,3.20,2.75,2.75,布莱克,布莱浦,英超,10087,0,1:2,,2.37,2.20,3.20,3.20,3.00,2.80
2.60,2.60,3.20,3.20,2.50,2.50,埃弗顿,富勒姆,英超,10087,1,0:0,,2.75,2.50,3.10,3.10,2.62,2.50
6.50,7.00,3.90,4.10,1.45,1.40,桑德兰,利物浦,英超,10087,1,2:2,,7.50,6.50,4.33,3.60,1.40,1.44
2.10,2.10,3.30,3.30,3.10,3.10,热刺,西汉姆,英超,10087,3,1:0,,2.10,1.91,3.40,3.20,3.40,3.50
5.70,7.00,3.80,4.10,1.50,1.40,美因茨,拜仁,德甲,10087,0,1:2,,7.50,8.50,4.20,4.80,1.44,1.36
5.70,6.50,3.80,3.90,1.50,1.45,门兴,沙尔克,德甲,10087,1,2:2,,6.50,6.00,3.80,3.75,1.53,1.57
1.95,2.00,3.30,3.30,3.50,3.30,多特,圣保利,德甲,10087,0,1:3,,1.80,2.10,3.50,3.40,4.33,3.40
2.75,2.75,3.30,3.30,2.30,2.30,勒沃,斯图加,德甲,10087,0,1:4,,3.00,3.10,3.50,3.25,2.25,2.30
2.90,2.90,3.30,3.30,2.20,2.20,汉堡,不来梅,德甲,10087,3,3:2,,3.00,3.00,3.20,3.40,2.40,2.30
2.10,2.10,3.30,3.30,3.10,3.10,巴伦西,希洪,西甲,10087,0,0:2,,2.20,2.10,3.20,3.25,3.40,3.25
1.30,1.30,5.00,5.00,8.00,8.00,皇马,莱万特,西甲,10087,1,0:0,,1.25,1.28,5.50,4.75,12.00,10.00
1.60,1.60,3.60,3.60,5.00,5.00,巴萨,毕尔巴,西甲,10087,0,1:3,,1.61,1.53,3.75,3.75,5.50,6.00
3.70,3.30,3.30,3.30,1.90,2.00,斯托克,纽卡斯,英超,10088,0,1:2,,4.33,3.50,3.60,3.20,1.80,1.91
2.60,2.60,3.20,3.20,2.50,2.50,拉齐奥,切沃,意甲,10088,0,0:1,,2.75,2.75,3.00,3.20,2.70,2.40
3.70,3.30,3.30,3.20,1.90,2.05,帕尔马,佛罗伦,意甲,10088,3,2:0,,4.33,3.50,3.20,3.25,1.91,2.00
3.40,3.40,3.20,3.20,2.00,2.00,布雷西,巴里,意甲,10088,3,2:1,,4.33,4.00,3.20,3.20,1.91,1.91
3.90,3.40,3.20,3.20,1.90,2.00,博洛尼,卡塔尼,意甲,10088,1,1:1,,4.33,3.60,3.25,3.20,1.91,2.00
3.80,4.30,3.40,3.40,1.85,1.75,乌迪内,桑普多,意甲,10088,1,0:0,,4.20,5.00,3.25,3.25,1.91,1.73
5.00,5.00,3.60,3.60,1.60,1.60,莱切,巴勒莫,意甲,10088,1,2:2,,6.50,5.00,3.80,3.25,1.53,1.73
4.40,4.60,3.50,3.50,1.70,1.65,卡利亚,尤文,意甲,10088,3,4:2,,6.00,6.50,3.60,3.75,1.61,1.50
3.20,3.30,3.20,3.20,2.10,2.05,阿尔梅,拉科鲁,西甲,10088,0,0:2,,3.60,3.50,3.20,3.25,2.10,2.00
2.80,2.80,3.20,3.20,2.30,2.30,赫塔费,桑坦德,西甲,10088,0,0:1,,3.00,3.25,3.20,2.75,2.40,2.37
2.90,3.30,3.10,3.10,2.30,2.10,奥萨苏,西班人,西甲,10088,3,1:0,,3.50,3.50,3.10,3.25,2.20,2.00
3.30,3.30,3.30,3.30,2.00,2.00,社会,马洛卡,西甲,10088,3,2:0,,4.00,3.75,3.40,3.30,1.91,1.91
2.40,2.20,3.20,3.20,2.70,3.00,塞维利,赫库斯,西甲,10088,3,2:0,,2.50,2.00,3.25,3.25,2.75,3.50
5.50,5.50,3.90,3.90,1.50,1.50,萨拉戈,马竞技,西甲,10088,3,1:0,,6.00,6.50,3.80,3.75,1.57,1.50
2.55,2.55,3.20,3.20,2.55,2.55,埃弗顿,伯明翰,英超,10091,0,0:2,,2.37,2.70,3.20,3.10,3.00,2.70
3.00,3.00,3.20,3.20,2.20,2.20,布莱克,斯托克,英超,10091,3,1:0,,3.20,3.20,3.20,3.20,2.30,2.30
1.70,1.60,3.50,3.60,4.40,5.00,曼联,桑德兰,英超,10091,1,0:0,,1.73,1.61,3.50,3.60,5.00,6.00
3.80,3.80,3.40,3.40,1.85,1.85,维拉,热刺,英超,10091,3,2:1,,4.20,3.80,3.50,3.40,1.83,1.95
3.20,3.20,3.20,3.20,2.10,2.10,博尔顿,西布罗,英超,10091,1,1:1,,3.80,3.25,3.30,3.20,2.00,2.25
2.80,2.80,3.20,3.20,2.30,2.30,富勒姆,西汉姆,英超,10091,1,1:1,,3.10,3.00,3.25,3.20,2.30,2.40
2.20,2.20,3.20,3.20,3.00,3.00,沙尔克,纽伦堡,德甲,10091,3,2:1,,2.30,2.25,3.40,3.30,3.00,2.90
2.20,2.20,3.30,3.30,2.90,2.90,沃尔夫,门兴,德甲,10091,1,1:1,,2.15,2.10,3.60,3.30,3.10,3.20
2.90,2.90,3.20,3.20,2.25,2.25,霍芬海,美因茨,德甲,10091,3,4:2,,3.20,3.20,3.40,3.20,2.20,2.15
5.40,5.40,3.70,3.70,1.55,1.55,凯泽,汉堡,德甲,10091,3,2:1,,6.00,6.00,4.00,3.60,1.53,1.53
2.80,2.80,3.20,3.20,2.30,2.30,科隆,弗赖堡,德甲,10091,3,3:2,,3.40,2.90,3.20,3.30,2.20,2.25
3.30,3.30,3.30,3.30,2.00,2.00,希洪,萨拉戈,西甲,10091,1,2:2,,3.60,3.40,3.30,3.25,2.05,2.05
3.00,3.00,3.20,3.20,2.20,2.20,西班人,社会,西甲,10091,3,1:0,,3.30,3.10,3.25,3.25,2.20,2.15
4.60,5.00,3.50,3.60,1.67,1.60,毕尔巴,巴伦西,西甲,10091,3,2:1,,5.50,6.00,3.75,3.60,1.61,1.53
7.00,7.00,3.90,3.90,1.43,1.43,纽卡斯,曼城,英超,10092,3,2:1,,7.50,8.00,4.20,4.50,1.44,1.40
8.50,9.00,4.80,5.00,1.30,1.27,布莱浦,利物浦,英超,10092,0,1:2,,11.00,11.00,5.00,5.00,1.30,1.30
4.40,4.30,3.50,3.40,1.70,1.75,阿森纳,切尔西,英超,10092,3,2:0,,5.00,4.20,3.75,3.60,1.67,1.83
3.20,3.20,3.20,3.20,2.10,2.10,巴勒莫,佛罗伦,意甲,10092,0,1:2,,3.60,3.30,3.20,3.20,2.10,2.10
2.70,2.70,3.10,3.10,2.50,2.50,桑普多,博洛尼,意甲,10092,1,1:1,,2.90,2.62,3.10,3.10,2.50,2.55
3.10,3.10,3.10,3.10,2.20,2.20,卡利亚,切沃,意甲,10092,1,0:0,,3.30,3.00,3.10,3.10,2.30,2.30
3.70,3.70,3.30,3.30,1.90,1.90,巴里,热那亚,意甲,10092,3,2:1,,4.00,4.00,3.40,3.25,1.91,1.85
4.30,4.00,3.25,3.25,1.80,1.85,尤文,国米,意甲,10092,1,0:0,,5.00,4.25,3.50,3.30,1.73,1.80
4.40,4.40,3.50,3.50,1.70,1.70,布雷西,拉齐奥,意甲,10092,3,1:0,,5.50,4.33,3.60,3.40,1.67,1.75
2.70,2.70,3.20,3.20,2.40,2.40,罗马,那不勒,意甲,10092,3,2:0,,3.10,2.80,3.25,3.10,2.30,2.40
5.40,5.40,3.70,3.70,1.55,1.55,桑坦德,比利亚,西甲,10092,3,2:0,,6.00,5.60,3.60,3.60,1.61,1.57
12.00,12.00,6.00,6.00,1.18,1.18,马洛卡,巴萨,西甲,10092,1,1:1,,15.00,13.00,7.00,6.00,1.17,1.18
3.10,2.90,3.30,3.30,2.10,2.20,马竞技,塞维利,西甲,10092,3,3:1,,3.75,3.10,3.40,3.25,2.00,2.15
12.00,12.00,5.50,5.50,1.20,1.20,拉科鲁,皇马,西甲,10092,3,6:1,,15.00,13.00,7.00,6.00,1.17,1.18
7.80,7.80,4.60,4.60,1.33,1.33,伯明翰,阿森纳,英超,10096,3,2:1,,10.00,7.00,4.75,4.33,1.33,1.33
3.10,3.10,3.10,3.10,2.15,2.15,斯托克,博尔顿,英超,10096,3,2:1,,3.50,3.10,3.20,3.10,2.15,2.10
2.40,2.40,3.20,3.20,2.70,2.70,热刺,富勒姆,英超,10096,0,1:2,,2.60,2.37,3.10,3.10,2.80,2.62
10.00,11.00,5.00,5.30,1.25,1.22,西布罗,曼联,英超,10096,1,2:2,,10.00,10.00,4.75,4.50,1.33,1.25
4.00,4.00,3.40,3.40,1.80,1.80,维冈,纽卡斯,英超,10096,1,2:2,,4.80,4.33,3.60,3.20,1.72,1.72
2.90,2.90,3.20,3.20,2.25,2.25,西汉姆,狼队,英超,10096,1,1:1,,3.20,3.00,3.10,3.10,2.30,2.15
1.75,1.82,3.40,3.35,4.30,3.80,切尔西,维拉,英超,10096,1,0:0,,1.83,1.66,3.40,3.30,4.50,4.50
7.00,8.50,4.10,4.80,1.40,1.30,汉诺威,拜仁,德甲,10096,3,3:0,,8.00,8.00,4.50,4.50,1.40,1.33
3.70,3.70,3.30,3.30,1.90,1.90,斯图加,沙尔克,德甲,10096,1,2:2,,3.50,3.30,3.40,3.40,2.05,2.00
2.90,2.90,3.30,3.30,2.20,2.20,纽伦堡,圣保利,德甲,10096,3,3:2,,3.20,3.00,3.40,3.25,2.20,2.20
2.70,2.70,3.20,3.20,2.40,2.40,汉堡,美因茨,德甲,10096,0,0:1,,3.20,3.00,3.20,3.20,2.25,2.25
5.70,6.50,3.80,3.90,1.50,1.45,弗赖堡,不来梅,德甲,10096,3,2:1,,6.50,6.00,4.50,3.80,1.44,1.50
2.75,2.85,3.30,3.30,2.30,2.25,勒沃,沃尔夫,德甲,10096,0,2:3,,2.75,2.87,3.50,3.30,2.40,2.25
6.50,7.00,3.90,4.10,1.45,1.40,切沃,AC米兰,意甲,10096,3,3:1,,8.00,8.00,4.00,4.00,1.44,1.40
2.70,2.70,3.10,3.10,2.50,2.50,帕尔马,切塞纳,意甲,10097,1,1:1,,2.90,2.87,3.10,3.00,2.50,2.45
2.70,2.70,3.10,3.10,2.50,2.50,乌迪内,布雷西,意甲,10097,0,0:1,,2.60,2.87,3.10,3.00,2.80,2.45
2.50,2.50,3.10,3.10,2.70,2.70,那不勒,卡塔尼,意甲,10097,1,1:1,,2.60,2.60,3.00,3.00,2.87,2.70
7.00,7.00,4.10,4.10,1.40,1.40,莱切,尤文,意甲,10097,3,4:0,,9.00,8.00,4.50,4.20,1.36,1.36
3.10,3.10,3.10,3.10,2.20,2.20,佛罗伦,桑普多,意甲,10097,3,2:1,,3.50,3.20,3.10,3.10,2.20,2.20
4.60,4.40,3.50,3.50,1.65,1.70,博洛尼,巴勒莫,意甲,10097,3,4:1,,5.50,5.00,3.80,3.40,1.61,1.66
4.00,4.30,3.40,3.40,1.80,1.75,萨拉戈,毕尔巴,西甲,10097,3,2:1,,4.50,4.33,3.75,3.40,1.72,1.75
2.80,3.00,3.20,3.20,2.30,2.20,奥萨苏,拉科鲁,西甲,10097,1,0:0,,2.80,3.00,3.10,3.20,2.60,2.25
3.20,3.20,3.20,3.20,2.10,2.10,阿尔梅,桑坦德,西甲,10097,3,1:0,,3.25,3.25,3.25,3.25,2.20,2.10
3.70,3.70,3.30,3.30,1.90,1.90,西班人,马洛卡,西甲,10097,0,0:1,,4.00,3.60,3.30,3.30,1.95,1.95
2.10,2.20,3.20,3.20,3.20,3.00,塞维利,希洪,西甲,10097,3,2:0,,2.00,2.10,3.40,3.25,3.75,3.25
2.80,2.80,3.20,3.20,2.30,2.30,社会,莱万特,西甲,10097,3,2:1,,2.80,2.75,3.20,3.20,2.50,2.37
2.30,2.30,3.10,3.10,2.90,2.90,雷恩,朗斯,法甲,10097,1,0:0,,2.50,2.30,3.00,3.10,3.00,3.00
3.40,3.40,3.00,3.00,2.10,2.10,瓦朗谢,洛里昂,法甲,10097,3,2:1,,3.75,3.50,3.10,3.10,2.10,2.05
3.70,3.70,3.30,3.30,1.90,1.90,布莱浦,伯明翰,英超,10100,3,2:0,,4.00,4.00,3.40,3.30,1.90,1.95
14.00,14.00,7.00,7.00,1.12,1.12,狼队,切尔西,英超,10100,3,2:0,,21.00,21.00,7.00,7.00,1.12,1.14
2.70,2.70,3.20,3.20,2.40,2.40,维拉,桑德兰,英超,10100,3,1:0,,3.20,2.80,3.20,3.20,2.25,2.50
3.20,3.00,3.20,3.20,2.10,2.20,富勒姆,西布罗,英超,10100,3,2:1,,3.75,3.40,3.30,3.30,2.00,2.15
2.70,2.80,3.20,3.20,2.40,2.30,博尔顿,维冈,英超,10100,1,1:1,,3.10,2.80,3.10,3.20,2.40,2.50
3.00,3.00,3.20,3.20,2.20,2.20,纽卡斯,西汉姆,英超,10100,0,1:2,,3.10,2.80,3.25,3.20,2.30,2.50
2.30,2.20,3.30,3.30,2.75,2.90,沃尔夫,纽伦堡,德甲,10100,3,2:1,,2.62,2.30,3.30,3.10,2.60,3.00
2.20,2.20,3.30,3.30,2.90,2.90,不来梅,门兴,德甲,10100,0,1:4,,2.05,2.00,3.60,3.40,3.40,3.40
2.40,2.40,3.30,3.30,2.65,2.65,沙尔克,法兰克,德甲,10100,1,0:0,,2.62,2.50,3.40,3.20,2.60,2.60
3.10,3.30,3.30,3.30,2.10,2.00,科隆,汉诺威,德甲,10100,3,2:1,,3.40,3.30,3.40,3.30,2.10,2.05
3.00,3.10,3.20,3.30,2.20,2.10,凯泽,弗赖堡,德甲,10100,3,2:1,,3.30,3.20,3.25,3.20,2.20,2.15
1.28,1.28,5.00,5.00,9.00,9.00,巴萨,萨拉戈,西甲,10100,0,0:2,,1.25,1.25,5.50,5.25,12.00,9.50
14.00,14.00,6.20,6.20,1.15,1.15,桑坦德,皇马,西甲,10100,3,6:1,,19.00,15.00,7.50,6.50,1.14,1.14
5.40,5.40,3.70,3.70,1.55,1.55,马洛卡,巴伦西,西甲,10100,0,1:2,,6.00,6.00,4.00,3.60,1.53,1.53
4.60,4.60,3.50,3.50,1.65,1.65,布莱克,利物浦,英超,10101,3,2:1,,6.00,5.00,3.60,3.50,1.61,1.72
2.80,3.00,3.20,3.20,2.30,2.20,阿森纳,曼城,英超,10101,0,0:3,,3.00,2.90,3.20,3.30,2.37,2.40
3.80,3.80,3.40,3.40,1.85,1.85,切塞纳,切沃,意甲,10101,3,2:1,,5.00,4.10,3.30,3.25,1.72,1.85
1.85,1.85,3.40,3.40,3.80,3.80,尤文,博洛尼,意甲,10101,1,0:0,,1.83,2.00,3.40,3.25,4.50,3.50
4.20,4.30,3.30,3.40,1.80,1.75,卡塔尼,热那亚,意甲,10101,3,1:0,,4.80,4.30,3.30,3.30,1.80,1.80
4.60,4.60,3.50,3.50,1.65,1.65,卡利亚,拉齐奥,意甲,10101,3,2:1,,5.50,4.50,3.30,3.30,1.72,1.75
2.80,2.70,3.20,3.20,2.30,2.40,巴勒莫,乌迪内,意甲,10101,3,2:1,,3.50,2.90,3.00,3.10,2.25,2.35
2.80,2.80,3.20,3.20,2.30,2.30,布雷西,莱切,意甲,10101,3,2:1,,3.40,3.00,3.00,3.10,2.30,2.30
5.70,5.70,3.80,3.80,1.50,1.50,桑普多,国米,意甲,10101,1,1:1,,7.00,6.00,4.00,3.50,1.50,1.57
4.30,4.40,3.40,3.50,1.75,1.70,希洪,赫塔费,西甲,10101,3,3:0,,5.00,4.50,3.50,3.40,1.72,1.72
4.00,4.00,3.40,3.40,1.80,1.80,莱万特,西班人,西甲,10101,3,2:1,,4.50,4.33,3.50,3.40,1.80,1.75
3.00,3.00,3.20,3.20,2.20,2.20,赫库斯,阿尔梅,西甲,10101,1,1:1,,3.20,2.90,3.30,3.20,2.25,2.30
4.40,4.40,3.50,3.50,1.70,1.70,毕尔巴,塞维利,西甲,10101,3,4:3,,4.80,4.50,3.50,3.40,1.75,1.72
2.90,2.90,3.30,3.30,2.20,2.20,马竞技,比利亚,西甲,10101,3,2:0,,3.20,3.10,3.40,3.25,2.20,2.15
12.00,12.00,5.50,5.50,1.20,1.20,西汉姆,阿森纳,英超,10103,3,1:0,,17.00,15.00,6.50,5.50,1.16,1.22
1.47,1.47,3.80,3.80,6.50,6.50,切尔西,布莱克,英超,10103,0,1:2,,1.44,1.53,4.20,3.75,7.50,7.00
5.00,5.00,3.60,3.60,1.60,1.60,斯托克,埃弗顿,英超,10103,3,1:0,,6.50,7.00,3.60,3.50,1.57,1.57
4.00,3.80,3.40,3.40,1.80,1.85,维冈,富勒姆,英超,10103,3,2:0,,4.75,4.50,3.50,3.40,1.75,1.83
1.75,1.65,3.40,3.50,4.30,4.60,曼城,狼队,英超,10103,3,2:1,,1.75,1.72,3.50,3.50,4.75,5.00
5.00,5.00,3.60,3.60,1.60,1.60,热刺,曼联,英超,10103,3,2:0,,5.00,5.00,4.00,3.75,1.57,1.66
2.10,2.00,3.30,3.30,3.10,3.30,汉堡,科隆,德甲,10103,3,3:2,,2.10,2.00,3.40,3.30,3.40,3.50
2.70,2.80,3.20,3.20,2.40,2.30,勒沃,沙尔克,德甲,10103,0,0:1,,2.62,2.75,3.30,3.20,2.62,2.40
2.60,2.65,3.20,3.30,2.50,2.40,法兰克,圣保利,德甲,10103,0,1:3,,2.80,2.75,3.40,3.20,2.40,2.40
3.00,3.00,3.20,3.20,2.20,2.20,门兴,凯泽,德甲,10103,3,3:0,,3.30,3.20,3.50,3.30,2.10,2.10
3.10,3.30,3.30,3.30,2.10,2.00,斯图加,沃尔夫,德甲,10103,3,2:0,,3.30,3.25,3.50,3.25,2.10,2.10
5.70,6.50,3.80,3.90,1.50,1.45,纽伦堡,不来梅,德甲,10103,0,2:3,,6.00,6.00,4.33,3.80,1.50,1.50
3.70,3.70,3.30,3.30,1.90,1.90,尤文,AC米兰,意甲,10103,0,1:2,,4.50,4.00,3.40,3.25,1.83,1.85
7.00,7.00,4.10,4.10,1.40,1.40,莱切,罗马,意甲,10103,3,2:0,,9.00,8.00,4.50,4.20,1.36,1.36
2.50,2.50,3.20,3.20,2.60,2.60,多特,美因茨,德甲,10104,0,0:2,,2.40,2.30,3.25,3.25,2.90,2.87
4.60,4.60,3.50,3.50,1.65,1.65,汉诺威,霍芬海,德甲,10104,3,4:0,,5.00,5.00,3.80,3.75,1.66,1.61
2.40,2.40,3.10,3.10,2.80,2.80,桑普多,切塞纳,意甲,10104,0,0:1,,2.50,2.35,3.00,3.00,3.00,3.00
2.70,2.70,3.20,3.20,2.40,2.40,乌迪内,巴里,意甲,10104,0,0:2,,2.90,2.75,3.10,3.00,2.50,2.50
2.40,2.40,3.10,3.10,2.80,2.80,那不勒,布雷西,意甲,10104,0,0:1,,2.37,2.40,3.00,3.00,3.20,2.90
4.00,3.60,3.10,3.00,1.90,2.00,博洛尼,卡利亚,意甲,10104,3,2:0,,4.50,4.00,3.10,3.25,1.90,1.85
3.25,3.25,3.15,3.15,2.10,2.10,切沃,帕尔马,意甲,10104,1,0:0,,4.00,3.50,3.10,3.10,2.05,2.05
2.65,2.65,3.10,3.10,2.50,2.50,佛罗伦,卡塔尼,意甲,10104,1,0:0,,2.80,2.70,3.20,3.00,2.50,2.60
3.30,3.30,3.30,3.30,2.00,2.00,赫塔费,毕尔巴,西甲,10104,3,3:0,,3.75,3.25,3.60,3.25,1.90,2.10
5.40,5.40,3.70,3.70,1.55,1.55,阿尔梅,马竞技,西甲,10104,1,1:1,,7.00,6.20,4.33,3.75,1.44,1.50
3.20,3.20,3.20,3.20,2.10,2.10,社会,马拉加,西甲,10104,0,1:2,,3.50,3.35,3.40,3.25,2.05,2.05
2.70,2.80,3.05,3.10,2.50,2.40,西班人,拉科鲁,西甲,10104,3,3:0,,2.62,2.70,3.10,3.20,2.75,2.45
3.10,3.10,2.90,2.90,2.30,2.30,奥萨苏,桑坦德,西甲,10104,3,4:1,,3.00,2.80,3.20,3.20,2.30,2.35
2.20,2.20,3.20,3.20,3.00,3.00,比利亚,希洪,西甲,10104,1,1:1,,2.15,2.05,3.30,3.25,3.30,3.35
3.40,3.40,3.20,3.20,2.00,2.00,西汉姆,伯明翰,英超,10107,1,2:2,,4.00,3.60,3.20,3.30,2.00,1.83
3.90,3.90,3.30,3.30,1.85,1.85,维冈,布莱克,英超,10107,3,2:1,,4.75,3.60,3.60,3.30,1.72,1.83
1.80,1.80,3.40,3.40,4.00,4.00,埃弗顿,布莱浦,英超,10107,1,2:2,,1.72,1.80,3.60,3.30,4.75,3.75
3.10,2.80,3.10,3.10,2.20,2.40,维拉,富勒姆,英超,10107,1,1:1,,3.60,2.62,3.20,3.20,2.10,2.30
12.00,13.00,5.50,5.80,1.20,1.18,狼队,曼联,英超,10107,3,2:1,,15.00,12.00,5.00,5.50,1.25,1.16
3.40,3.40,3.20,3.20,2.00,2.00,斯托克,桑德兰,英超,10107,3,2:0,,3.75,2.90,3.20,3.20,2.05,2.15
3.30,3.30,3.30,3.30,2.00,2.00,科隆,纽伦堡,德甲,10107,3,3:1,,4.00,3.50,3.50,3.30,1.90,2.00
1.55,1.55,3.70,3.70,5.40,5.40,拜仁,门兴,德甲,10107,1,3:3,,1.53,1.57,4.00,3.75,6.00,5.50
2.50,2.50,3.30,3.30,2.50,2.50,沃尔夫,法兰克,德甲,10107,3,3:1,,2.87,2.62,3.75,3.40,2.20,2.37
3.20,3.30,3.20,3.30,2.10,2.00,霍芬海,汉堡,德甲,10107,3,2:1,,3.60,3.40,3.50,3.30,2.00,2.00
2.40,2.40,3.30,3.30,2.65,2.65,美因茨,弗赖堡,德甲,10107,3,1:0,,2.40,2.40,3.30,3.25,2.87,2.75
3.90,3.90,3.15,3.15,1.90,1.90,莱切,博洛尼,意甲,10107,3,2:0,,4.20,4.20,3.30,3.20,1.90,1.95
10.00,10.00,5.00,5.00,1.25,1.25,布雷西,国米,意甲,10107,1,1:1,,13.00,11.00,4.80,5.00,1.28,1.28
3.80,3.70,3.30,3.30,1.85,1.90,马拉加,西班人,西甲,10107,3,1:0,,4.50,4.00,3.50,3.30,1.80,1.95
10.00,10.00,5.00,5.00,1.27,1.25,纽卡斯,阿森纳,英超,10108,0,0:1,,11.00,11.00,5.00,5.00,1.30,1.28
2.20,2.10,3.20,3.30,3.00,3.10,曼城,西布罗,英超,10108,0,0:2,,2.20,2.10,3.40,3.30,3.20,3.50
2.10,2.10,3.20,3.20,3.20,3.20,切尔西,利物浦,英超,10108,3,2:0,,2.25,2.10,3.10,3.30,3.40,3.50
1.90,1.85,3.30,3.30,3.70,3.90,AC米兰,巴里,意甲,10108,0,2:3,,1.90,1.95,3.10,3.20,4.50,4.20
8.50,10.00,4.80,5.00,1.32,1.25,切塞纳,尤文,意甲,10108,3,3:1,,8.00,10.50,4.80,5.00,1.36,1.30
2.80,2.90,3.10,3.10,2.40,2.30,罗马,拉齐奥,意甲,10108,0,0:2,,2.60,2.90,3.10,3.10,2.60,2.50
4.80,4.80,3.40,3.40,1.65,1.65,帕尔马,那不勒,意甲,10108,3,2:0,,5.50,5.50,3.50,3.50,1.66,1.66
4.10,4.50,3.20,3.25,1.85,1.75,卡塔尼,桑普多,意甲,10108,1,0:0,,4.20,4.75,3.30,3.30,1.90,1.80
3.30,3.30,3.20,3.20,2.05,2.05,热那亚,巴勒莫,意甲,10108,3,1:0,,4.00,3.75,3.20,3.20,2.00,2.05
3.10,3.10,3.30,3.30,2.10,2.10,赫库斯,奥萨苏,西甲,10108,3,3:0,,3.60,3.50,3.20,3.30,2.10,2.10
1.35,1.35,4.50,4.50,7.30,7.30,巴萨,赫塔费,西甲,10108,0,1:3,,1.33,1.36,5.00,4.75,8.50,8.50
4.30,4.40,3.40,3.50,1.75,1.70,毕尔巴,比利亚,西甲,10108,3,4:1,,4.50,4.50,3.30,3.50,1.83,1.80
2.80,2.80,3.20,3.20,2.30,2.30,拉科鲁,莱万特,西甲,10108,0,1:2,,3.40,3.00,3.10,3.25,2.25,2.35
8.00,8.00,5.00,5.00,1.30,1.30,马竞技,皇马,西甲,10108,3,2:0,,10.00,9.00,5.50,5.00,1.28,1.33
5.00,5.00,3.60,3.60,1.60,1.60,布莱浦,维拉,英超,10109,3,3:2,,8.00,5.50,4.50,3.60,1.40,1.50
12.00,12.00,5.50,5.50,1.20,1.20,富勒姆,切尔西,英超,10109,3,1:0,,15.00,11.00,5.50,5.00,1.22,1.20
3.70,3.70,3.30,3.30,1.90,1.90,布莱克,纽卡斯,英超,10109,0,1:2,,4.50,3.20,3.50,3.20,1.80,2.00
1.65,1.65,3.50,3.50,4.60,4.60,阿森纳,狼队,英超,10109,0,0:2,,1.57,1.50,3.80,3.60,6.00,5.50
4.60,4.60,3.50,3.50,1.65,1.65,博尔顿,埃弗顿,英超,10109,1,1:1,,5.50,5.00,3.75,3.50,1.61,1.57
2.40,2.40,3.30,3.30,2.65,2.65,曼联,曼城,英超,10109,1,0:0,,2.70,2.50,3.20,3.10,2.60,2.50
2.20,2.20,3.10,3.10,3.10,3.10,拉齐奥,切塞纳,意甲,10109,3,1:0,,2.20,2.10,3.10,3.10,3.50,3.10
3.80,3.80,3.20,3.20,1.90,1.90,巴里,切沃,意甲,10109,1,0:0,,4.00,3.40,3.20,3.15,2.00,2.05
5.00,5.00,3.60,3.60,1.60,1.60,巴勒莫,AC米兰,意甲,10109,3,3:1,,6.00,5.50,4.00,3.50,1.53,1.53
,,,,,,佛罗伦,罗马,意甲,10109,3,3:2,,4.33,3.75,3.40,3.30,1.83,1.80
,,,,,,尤文,布雷西,意甲,10109,1,1:1,,1.95,1.80,3.25,3.25,4.00,4.33
2.60,2.60,3.00,3.00,2.60,2.60,那不勒,卡利亚,意甲,10109,0,0:1,,2.75,2.60,3.20,3.10,2.60,2.60
4.40,4.10,3.50,3.30,1.70,1.80,博洛尼,热那亚,意甲,10109,3,1:0,,6.00,4.50,3.60,3.30,1.60,1.75
1.80,1.80,3.30,3.30,4.10,4.10,国米,莱切,意甲,10109,1,1:1,,1.72,1.50,3.30,3.60,5.50,5.50
7.00,7.00,4.10,4.10,1.40,1.40,伯明翰,曼城,英超,10110,1,0:0,,7.00,6.00,4.33,3.75,1.44,1.44
3.70,3.70,3.30,3.30,1.90,1.90,富勒姆,纽卡斯,英超,10110,1,0:0,,3.60,3.80,3.30,3.25,2.05,1.80
5.00,5.40,3.60,3.70,1.60,1.55,布莱克,热刺,英超,10110,3,4:2,,5.50,5.50,3.50,3.30,1.66,1.57
3.70,3.70,3.30,3.30,1.90,1.90,布莱浦,西汉姆,英超,10110,1,0:0,,4.20,3.20,3.30,3.20,1.90,2.00
2.80,2.80,3.20,3.20,2.30,2.30,西布罗,维冈,英超,10110,3,1:0,,2.70,2.90,3.10,3.30,2.70,2.40
2.70,2.70,3.20,3.20,2.40,2.40,博尔顿,狼队,英超,10110,0,2:3,,2.70,2.62,3.20,3.20,2.62,2.30
2.00,1.90,3.30,3.30,3.30,3.70,利物浦,斯托克,英超,10110,3,2:0,,2.37,2.00,3.00,3.20,3.20,3.20
2.20,2.20,3.30,3.30,2.90,2.90,斯图加,凯泽,德甲,10110,1,3:3,,2.30,2.25,3.40,3.25,3.00,3.00
3.10,3.10,3.30,3.30,2.10,2.10,门兴,科隆,德甲,10110,0,0:4,,3.30,3.20,3.50,3.30,2.10,2.10
1.90,1.90,3.30,3.30,3.70,3.70,勒沃,圣保利,德甲,10110,0,0:1,,2.00,2.05,3.30,3.30,3.75,3.40
2.75,2.75,3.30,3.30,2.30,2.30,沙尔克,沃尔夫,德甲,10110,1,2:2,,3.40,2.87,3.40,3.30,2.10,2.25
3.50,3.70,3.50,3.50,1.90,1.85,法兰克,不来梅,德甲,10110,1,0:0,,3.75,3.80,3.60,3.60,1.90,1.83
4.40,4.30,3.50,3.40,1.70,1.75,汉诺威,美因茨,德甲,10110,0,0:1,,6.00,4.50,3.60,3.60,1.61,1.70
3.20,3.40,3.20,3.20,2.10,2.00,罗马,尤文,意甲,10110,1,1:1,,3.40,3.60,3.10,3.30,2.20,2.05
2.10,2.10,3.20,3.20,3.20,3.20,阿森纳,埃弗顿,英超,10111,0,1:2,,2.60,2.25,3.10,3.20,2.80,2.75
11.00,11.00,5.30,5.30,1.22,1.22,桑德兰,切尔西,英超,10111,0,0:3,,15.00,11.00,5.00,5.00,1.25,1.20
3.50,3.50,3.10,3.10,2.00,2.00,布雷西,博洛尼,意甲,10111,3,1:0,,3.40,3.90,3.10,3.25,2.20,2.00
2.90,2.90,3.00,3.00,2.35,2.35,热那亚,卡利亚,意甲,10111,0,0:1,,3.40,3.10,3.10,3.20,2.20,2.30
4.00,4.00,3.20,3.20,1.90,1.90,切沃,桑普多,意甲,10111,1,0:0,,4.20,4.33,3.20,3.40,1.95,1.85
5.00,4.60,3.60,3.50,1.60,1.65,莱切,乌迪内,意甲,10111,3,4:0,,8.00,6.00,4.00,3.60,1.44,1.60
4.30,4.30,3.20,3.20,1.80,1.80,卡塔尼,巴勒莫,意甲,10111,3,3:1,,5.50,4.60,3.30,3.40,1.72,1.80
2.60,2.60,3.00,3.00,2.55,2.60,AC米兰,国米,意甲,10111,0,0:1,,2.80,2.87,3.20,3.20,2.50,2.45
3.70,3.30,3.30,3.30,1.90,2.00,莱万特,马拉加,西甲,10111,3,1:0,,4.50,3.60,3.40,3.30,1.83,2.05
3.00,3.00,3.20,3.20,2.20,2.20,西班人,桑坦德,西甲,10111,1,0:0,,3.20,3.00,3.10,3.25,2.30,2.35
3.10,3.00,3.30,3.20,2.10,2.20,社会,赫库斯,西甲,10111,3,2:1,,3.80,3.30,3.30,3.25,2.00,2.20
2.30,2.30,3.20,3.20,2.80,2.80,塞维利,萨拉戈,西甲,10111,0,1:2,,2.15,2.30,3.40,3.25,3.25,3.10
1.25,1.25,5.00,5.00,10.00,10.00,皇马,希洪,西甲,10111,0,0:1,,1.28,1.28,5.50,5.25,10.00,10.00
5.40,5.40,3.70,3.70,1.55,1.55,赫塔费,巴伦西,西甲,10111,3,2:0,,5.50,6.00,4.33,3.75,1.53,1.57
1.70,1.55,3.50,3.70,4.40,5.40,切尔西,伯明翰,英超,10113,3,1:0,,1.61,1.60,3.75,4.00,5.50,5.50
2.80,2.80,3.20,3.20,2.30,2.30,狼队,布莱浦,英超,10113,3,2:1,,2.87,2.80,3.40,3.40,2.37,2.45
3.20,3.20,3.20,3.20,2.10,2.10,纽卡斯,博尔顿,英超,10113,3,5:1,,3.50,3.25,3.40,3.50,2.05,2.15
11.00,11.00,5.30,5.30,1.22,1.22,维冈,曼联,英超,10113,3,2:0,,15.00,13.00,6.00,5.50,1.20,1.25
3.00,3.00,3.20,3.20,2.20,2.20,斯托克,西布罗,英超,10113,0,0:3,,3.25,3.60,3.20,3.40,2.25,2.05
5.40,7.00,3.70,3.90,1.55,1.42,西汉姆,利物浦,英超,10113,3,3:0,,7.00,8.00,4.00,4.50,1.50,1.40
3.70,3.70,3.30,3.30,1.90,1.90,凯泽,纽伦堡,德甲,10113,0,1:3,,3.75,3.60,3.60,3.50,1.90,2.00
2.60,2.60,3.30,3.30,2.40,2.40,美因茨,门兴,德甲,10113,0,2:3,,2.87,2.70,3.30,3.40,2.40,2.50
3.00,3.00,3.20,3.20,2.20,2.20,霍芬海,法兰克,德甲,10113,0,0:4,,3.30,2.90,3.30,3.50,2.20,2.30
2.90,2.90,3.30,3.30,2.20,2.20,不来梅,沙尔克,德甲,10113,3,4:0,,3.30,2.90,3.30,3.50,2.20,2.30
2.35,2.35,3.25,3.25,2.70,2.70,汉堡,汉诺威,德甲,10113,3,3:2,,2.30,2.30,3.20,3.50,3.10,2.90
1.70,1.70,3.50,3.50,4.40,4.40,多特,弗赖堡,德甲,10113,0,1:2,,1.66,1.66,3.75,3.60,5.00,5.50
2.40,2.40,3.30,3.30,2.60,2.60,拜仁,勒沃,德甲,10113,1,1:1,,2.40,2.40,3.30,3.40,2.90,2.80
5.80,5.80,3.50,3.50,1.55,1.55,佛罗伦,AC米兰,意甲,10113,3,1:0,,6.50,6.20,3.80,3.60,1.53,1.60
5.40,5.40,3.70,3.70,1.55,1.55,科隆,斯图加,德甲,10114,0,0:1,,6.50,6.00,4.00,4.00,1.50,1.55
2.30,2.30,3.30,3.30,2.75,2.75,沃尔夫,圣保利,德甲,10114,1,1:1,,2.37,2.37,3.50,3.40,2.80,2.87
2.30,2.30,3.00,3.00,3.00,3.00,巴勒莫,切塞纳,意甲,10114,0,1:2,,2.20,2.20,3.00,3.15,3.60,3.40
2.00,2.10,3.10,3.00,3.50,3.40,国米,切沃,意甲,10114,3,2:1,,2.00,2.00,3.10,3.20,4.20,4.00
3.20,3.20,3.00,3.00,2.20,2.20,卡利亚,布雷西,意甲,10114,0,1:2,,3.20,3.10,3.00,3.10,2.40,2.37
5.00,4.70,3.60,3.30,1.60,1.70,巴里,卡塔尼,意甲,10114,3,1:0,,6.00,5.00,3.50,3.40,1.61,1.75
2.60,2.60,3.00,3.00,2.60,2.60,拉齐奥,帕尔马,意甲,10114,1,1:1,,2.90,2.75,2.90,3.10,2.70,2.65
2.40,2.50,3.20,3.00,2.70,2.75,桑普多,莱切,意甲,10114,0,2:3,,2.30,2.45,3.10,3.10,3.20,3.00
6.00,6.00,3.60,3.60,1.50,1.50,博洛尼,那不勒,意甲,10114,3,4:1,,7.50,7.00,4.20,3.75,1.44,1.53
3.70,3.70,3.30,3.30,1.90,1.90,赫库斯,西班人,西甲,10114,3,3:0,,4.33,4.00,3.60,3.30,1.80,1.95
3.30,3.30,3.30,3.30,2.00,2.00,马拉加,拉科鲁,西甲,10114,3,3:0,,3.25,3.40,3.25,3.25,2.20,2.15
2.80,2.80,3.20,3.20,2.30,2.30,桑坦德,莱万特,西甲,10114,3,3:1,,3.00,3.00,3.25,3.25,2.37,2.37
5.00,5.00,3.60,3.60,1.60,1.60,马洛卡,塞维利,西甲,10114,0,1:2,,5.00,4.60,3.75,3.80,1.66,1.72
2.50,2.40,3.20,3.20,2.60,2.70,马竞技,社会,西甲,10114,0,2:4,,2.40,2.40,3.40,3.50,2.80,2.80
5.00,4.60,3.60,3.50,1.60,1.65,布莱浦,博尔顿,英超,10116,1,2:2,,6.00,5.00,4.00,4.20,1.53,1.61
5.00,5.00,3.60,3.60,1.60,1.60,西布罗,埃弗顿,英超,10116,0,1:4,,6.00,5.00,4.00,4.00,1.53,1.65
3.40,3.40,3.20,3.20,2.00,2.00,伯明翰,富勒姆,英超,10116,1,1:1,,4.00,3.80,3.20,3.25,2.00,2.05
12.00,12.00,5.50,5.50,1.20,1.20,布莱克,曼联,英超,10116,3,7:1,,11.00,11.00,5.00,5.50,1.28,1.28
2.20,2.30,3.20,3.20,3.00,2.80,曼城,斯托克,英超,10116,1,1:1,,2.15,2.20,3.25,3.20,3.40,3.40
2.70,2.70,3.20,3.20,2.40,2.40,桑德兰,狼队,英超,10116,3,3:2,,2.70,2.80,3.10,3.10,2.70,2.60
2.20,2.30,3.30,3.30,2.90,2.75,沙尔克,凯泽,德甲,10116,3,5:0,,2.20,2.30,3.40,3.30,3.20,3.10
7.20,7.00,4.10,4.10,1.37,1.40,法兰克,拜仁,德甲,10116,3,4:1,,9.00,7.50,5.00,4.20,1.33,1.44
3.30,3.30,3.30,3.30,2.00,2.00,斯图加,汉堡,德甲,10116,3,4:2,,3.50,3.50,3.60,3.40,2.00,2.05
3.10,3.20,3.30,3.40,2.10,2.00,弗赖堡,汉诺威,德甲,10116,3,3:0,,3.40,3.40,3.40,3.30,2.10,2.15
2.50,2.50,3.30,3.30,2.50,2.50,勒沃,霍芬海,德甲,10116,1,2:2,,2.60,2.50,3.25,3.30,2.70,2.75
7.80,7.30,4.60,4.50,1.33,1.35,门兴,多特,德甲,10116,3,4:1,,10.00,10.50,5.50,5.00,1.28,1.30
2.10,2.10,3.10,3.10,3.30,3.30,AC米兰,桑普多,意甲,10116,1,1:1,,2.10,2.25,3.10,3.20,3.80,3.30
4.70,4.70,3.40,3.40,1.65,1.65,佛罗伦,尤文,意甲,10116,1,1:1,,6.00,5.25,3.60,3.40,1.61,1.72
1.65,1.65,3.50,3.50,4.60,4.60,切尔西,纽卡斯,英超,10117,1,1:1,,1.72,1.66,3.80,3.60,4.50,5.50
3.20,3.20,3.20,3.20,2.10,2.10,利物浦,热刺,英超,10117,3,2:1,,3.50,3.30,3.40,3.30,2.05,2.20
3.80,3.80,3.20,3.20,1.90,1.90,切塞纳,巴里,意甲,10117,1,1:1,,4.33,4.20,3.20,3.20,1.90,1.95
2.70,3.00,3.00,3.00,2.50,2.30,切沃,博洛尼,意甲,10117,3,2:1,,2.80,3.10,3.10,3.10,2.62,2.37
2.60,2.60,3.00,3.00,2.60,2.60,热那亚,布雷西,意甲,10117,1,0:0,,2.40,2.62,3.00,3.10,3.20,2.75
5.20,5.20,3.50,3.50,1.60,1.60,卡塔尼,拉齐奥,意甲,10117,1,1:1,,6.50,5.50,3.40,3.40,1.61,1.70
2.75,2.75,3.00,3.00,2.50,2.50,那不勒,乌迪内,意甲,10117,3,3:1,,3.10,2.87,3.00,3.10,2.40,2.55
2.65,2.55,3.10,3.10,2.50,2.55,罗马,巴勒莫,意甲,10117,3,3:1,,2.90,2.75,3.25,3.10,2.40,2.62
3.30,3.30,3.30,3.30,2.00,2.00,社会,希洪,西甲,10117,0,1:3,,3.60,3.40,3.20,3.25,2.10,2.15
7.00,7.00,4.10,4.10,1.40,1.40,阿尔梅,巴伦西,西甲,10117,3,2:1,,8.50,8.50,5.50,4.75,1.30,1.36
2.80,2.80,3.20,3.20,2.30,2.30,拉科鲁,桑坦德,西甲,10117,3,1:0,,3.50,3.20,3.20,3.25,2.15,2.25
4.40,4.40,3.50,3.50,1.70,1.70,马拉加,马洛卡,西甲,10117,3,2:0,,5.00,4.75,3.50,3.60,1.72,1.72
3.80,3.80,3.40,3.40,1.85,1.85,莱万特,赫库斯,西甲,10117,3,3:1,,4.50,3.75,3.75,3.30,1.72,2.00
4.40,4.40,3.50,3.50,1.70,1.70,奥萨苏,毕尔巴,西甲,10117,3,1:0,,5.00,4.50,3.50,3.50,1.72,1.80
10.00,10.00,5.00,5.00,1.25,1.25,富勒姆,阿森纳,英超,10119,3,2:1,,11.00,9.50,5.00,5.50,1.30,1.30
2.10,2.10,3.20,3.20,3.20,3.20,热刺,伯明翰,英超,10119,1,1:1,,2.05,2.20,3.30,3.30,3.60,3.30
4.40,4.40,3.50,3.50,1.70,1.70,狼队,布莱克,英超,10119,3,3:0,,4.75,4.20,3.50,3.60,1.75,1.83
7.30,7.30,4.50,4.50,1.35,1.35,埃弗顿,切尔西,英超,10119,1,1:1,,9.00,8.50,4.50,4.75,1.36,1.36
5.40,5.40,3.70,3.70,1.55,1.55,博尔顿,曼城,英超,10119,3,1:0,,7.00,6.00,4.00,4.00,1.50,1.55
2.40,2.70,3.20,3.20,2.70,2.40,斯托克,维冈,英超,10119,1,2:2,,2.37,2.80,3.20,3.10,3.00,2.62
1.40,1.35,4.10,4.50,7.00,7.30,曼联,布莱浦,英超,10119,0,2:3,,1.33,1.40,5.00,5.00,8.00,7.00
2.80,2.80,3.20,3.20,2.30,2.30,美因茨,法兰克,德甲,10119,3,2:1,,3.00,3.20,3.20,3.30,2.37,2.25
2.50,2.30,3.20,3.30,2.60,2.75,汉堡,弗赖堡,德甲,10119,3,1:0,,2.60,2.37,3.20,3.30,2.70,2.90
2.90,2.90,3.30,3.30,2.20,2.20,霍芬海,斯图加,德甲,10119,1,1:1,,3.10,3.40,3.60,3.30,2.15,2.15
3.00,3.00,3.40,3.40,2.10,2.10,不来梅,沃尔夫,德甲,10119,1,0:0,,3.30,3.75,3.75,3.40,2.00,2.00
2.20,2.20,3.20,3.20,3.00,3.00,拜仁,沙尔克,德甲,10119,3,2:0,,2.00,2.20,3.50,3.30,3.60,3.25
1.30,1.25,4.80,5.00,8.50,10.00,巴萨,奥萨苏,西甲,10119,0,0:3,,1.25,1.25,5.50,5.50,12.00,12.00
7.30,8.00,4.50,5.00,1.35,1.30,巴伦西,皇马,西甲,10119,3,2:0,,7.50,10.00,5.00,5.25,1.36,1.28
7.00,6.50,4.10,3.90,1.40,1.45,科隆,勒沃,德甲,10120,3,3:2,,6.50,8.00,4.00,4.50,1.50,1.40
1.70,1.65,3.50,3.50,4.40,4.60,多特,纽伦堡,德甲,10120,0,0:2,,1.66,1.65,3.75,3.60,5.00,5.50
3.30,3.30,3.10,3.10,2.10,2.10,博洛尼,切塞纳,意甲,10120,0,0:2,,3.60,3.30,3.10,3.15,2.15,2.25
4.30,4.60,3.40,3.40,1.75,1.70,卡利亚,佛罗伦,意甲,10120,3,1:0,,4.33,5.50,3.20,3.40,1.90,1.70
2.75,2.75,3.10,3.10,2.40,2.40,乌迪内,帕尔马,意甲,10120,3,2:1,,3.00,3.00,3.00,3.10,2.50,2.45
5.40,5.40,3.40,3.70,1.60,1.55,巴里,桑普多,意甲,10120,3,3:0,,5.50,6.50,3.25,3.60,1.72,1.57
2.30,2.30,3.10,3.10,2.90,2.90,热那亚,莱切,意甲,10120,0,1:3,,2.10,2.30,3.20,3.10,3.60,3.25
2.20,2.20,3.10,3.10,3.10,3.10,尤文,卡塔尼,意甲,10120,0,1:3,,2.30,2.20,3.10,3.15,3.20,3.40
3.30,3.10,3.30,3.30,2.00,2.10,马洛卡,赫塔费,西甲,10120,3,3:0,,3.40,3.40,3.30,3.25,2.15,2.15
4.00,3.30,3.40,3.30,1.80,2.00,塞维利,比利亚,西甲,10120,3,1:0,,4.50,3.90,3.75,3.40,1.72,1.95
4.60,4.60,3.50,3.50,1.65,1.65,希洪,西班人,西甲,10120,3,1:0,,5.00,5.00,3.75,3.60,1.66,1.70
3.10,3.10,3.30,3.30,2.10,2.10,萨拉戈,阿尔梅,西甲,10120,1,1:1,,3.25,3.20,3.20,3.25,2.25,2.25
3.10,3.10,3.30,3.30,2.10,2.10,桑坦德,马拉加,西甲,10120,3,4:1,,3.75,3.60,3.40,3.25,2.00,2.10
2.80,2.80,3.20,3.20,2.30,2.30,毕尔巴,社会,西甲,10120,3,2:0,,2.90,2.87,3.30,3.25,2.37,2.45
3.20,3.70,3.20,3.30,2.10,1.90,西布罗,维拉,英超,10122,3,2:1,,2.90,4.33,3.20,3.40,2.50,1.85
5.40,6.50,3.70,3.90,1.55,1.45,维冈,埃弗顿,英超,10122,1,0:0,,7.50,7.50,4.20,4.20,1.44,1.44
3.00,3.00,3.20,3.20,2.20,2.20,桑德兰,富勒姆,英超,10122,1,0:0,,3.60,3.30,3.20,3.25,2.10,2.20
4.40,5.00,3.40,3.60,1.72,1.60,布莱浦,斯托克,英超,10122,0,0:1,,5.50,5.50,3.75,3.75,1.61,1.61
1.80,1.80,3.40,3.40,4.00,4.00,曼城,西汉姆,英超,10122,0,1:3,,1.83,1.83,3.50,3.50,4.33,4.33
2.20,2.20,3.20,3.20,3.00,3.00,利物浦,纽卡斯,英超,10122,3,3:1,,2.15,2.20,3.25,3.25,3.40,3.25
2.65,2.60,3.30,3.20,2.40,2.50,沃尔夫,凯泽,德甲,10122,1,0:0,,3.10,2.75,3.50,3.40,2.20,2.45
2.75,2.60,3.30,3.20,2.30,2.50,法兰克,科隆,德甲,10122,3,1:0,,3.10,2.70,3.50,3.40,2.20,2.50
12.00,12.00,5.50,5.50,1.20,1.20,圣保利,拜仁,德甲,10122,3,3:0,,13.00,11.00,6.50,6.00,1.20,1.25
2.75,2.70,3.30,3.20,2.30,2.40,勒沃,汉堡,德甲,10122,0,2:4,,2.80,2.70,3.50,3.40,2.37,2.50
5.00,5.00,3.60,3.60,1.60,1.60,纽伦堡,霍芬海,德甲,10122,1,1:1,,5.00,5.50,3.75,3.75,1.66,1.61
5.00,4.60,3.60,3.50,1.60,1.65,不来梅,多特,德甲,10122,3,2:0,,5.50,5.50,4.33,4.00,1.53,1.60
2.50,2.50,3.30,3.30,2.50,2.50,比利亚,赫塔费,西甲,10122,3,1:0,,2.60,2.75,3.30,3.30,2.62,2.50
6.50,7.00,3.90,4.10,1.45,1.40,阿尔梅,塞维利,西甲,10122,0,1:3,,7.00,8.00,4.33,4.50,1.44,1.40
3.20,3.40,3.20,3.20,2.10,2.00,布莱克,博尔顿,英超,10123,3,2:1,,3.60,3.50,3.30,3.30,2.05,2.10
2.60,2.60,3.20,3.20,2.50,2.50,伯明翰,狼队,英超,10123,3,1:0,,3.00,3.00,3.20,3.20,2.37,2.40
2.40,2.30,3.20,3.20,2.70,2.80,切尔西,热刺,英超,10123,1,1:1,,2.20,2.37,3.30,3.30,3.25,2.90
3.70,3.70,3.30,3.30,1.90,1.90,门兴,弗赖堡,德甲,10123,3,3:0,,4.20,3.60,3.60,3.40,1.83,2.05
2.55,2.55,3.20,3.20,2.55,2.55,沙尔克,美因茨,德甲,10123,0,0:1,,2.75,2.70,3.30,3.30,2.50,2.55
3.30,3.70,3.30,3.30,2.00,1.90,西班人,毕尔巴,西甲,10123,3,2:1,,4.33,3.75,3.50,3.30,1.80,2.00
3.70,3.70,3.30,3.30,1.90,1.90,马拉加,赫库斯,西甲,10123,3,4:1,,3.50,3.30,3.40,3.30,2.05,2.20
4.60,4.60,3.50,3.50,1.65,1.65,桑坦德,马洛卡,西甲,10123,0,0:1,,5.00,4.50,3.60,3.50,1.72,1.80
3.30,3.30,3.30,3.30,2.00,2.00,莱万特,希洪,西甲,10123,1,1:1,,4.33,3.75,3.50,3.30,1.80,2.00
1.25,1.25,5.00,5.00,10.00,10.00,皇马,萨拉戈,西甲,10123,0,1:3,,1.25,1.28,5.80,5.50,11.00,10.00
15.00,15.00,7.30,7.30,1.10,1.10,社会,巴萨,西甲,10123,3,5:0,,21.00,17.00,11.00,10.00,1.08,1.10
2.90,2.90,3.10,3.10,2.30,2.30,埃蒂安,摩纳哥,法甲,10123,0,0:2,,3.40,3.25,3.10,3.10,2.25,2.30
7.00,7.00,3.70,3.70,1.45,1.45,图卢兹,里昂,法甲,10123,3,2:0,,6.50,6.50,3.60,3.60,1.57,1.57
3.70,3.70,3.30,3.30,1.90,1.90,雷恩,波尔多,法甲,10123,1,0:0,,4.00,3.75,3.10,3.10,2.00,2.10
9.00,9.00,5.00,5.00,1.27,1.27,斯托克,阿森纳,英超,10125,3,1:0,,10.00,11.00,5.00,5.00,1.30,1.28
2.70,3.00,3.20,3.20,2.40,2.20,纽卡斯,伯明翰,英超,10125,0,0:2,,2.90,3.00,3.10,3.25,2.50,2.37
4.00,4.00,3.40,3.40,1.80,1.80,西汉姆,布莱克,英超,10125,1,1:1,,4.75,4.50,3.60,3.50,1.72,1.80
2.30,2.55,3.20,3.20,2.80,2.55,维拉,维冈,英超,10125,0,1:2,,2.20,2.60,3.50,3.20,3.10,2.70
5.40,6.50,3.70,3.90,1.55,1.45,富勒姆,利物浦,英超,10125,3,1:0,,6.50,6.50,3.80,3.80,1.53,1.53
2.75,2.75,3.30,3.30,2.30,2.30,汉诺威,纽伦堡,德甲,10125,3,3:1,,3.25,3.30,3.50,3.40,2.10,2.15
1.80,1.80,3.40,3.40,4.00,4.00,多特,法兰克,德甲,10125,3,1:0,,1.66,1.80,3.75,3.50,5.00,4.50
6.50,6.50,3.90,3.90,1.45,1.45,科隆,沙尔克,德甲,10125,3,3:0,,7.00,6.00,4.00,3.75,1.50,1.57
3.30,3.30,3.30,3.30,2.00,2.00,霍芬海,沃尔夫,德甲,10125,1,2:2,,3.10,3.40,3.50,3.30,2.20,2.15
5.00,5.00,3.60,3.60,1.60,1.60,凯泽,不来梅,德甲,10125,0,1:2,,4.75,5.00,3.60,3.75,1.72,1.66
2.50,2.50,3.30,3.30,2.50,2.50,美因茨,圣保利,德甲,10125,0,2:4,,2.87,2.70,3.20,3.25,2.50,2.60
5.70,5.70,3.80,3.80,1.50,1.50,马洛卡,比利亚,西甲,10125,3,3:1,,5.50,7.00,3.75,3.75,1.61,1.53
3.80,3.80,3.40,3.40,1.85,1.85,希洪,拉科鲁,西甲,10125,1,1:1,,3.60,3.80,3.10,3.30,2.15,2.00
2.65,2.65,3.30,3.30,2.40,2.40,毕尔巴,莱万特,西甲,10125,0,1:2,,2.50,2.62,3.30,3.25,2.80,2.62
3.10,3.10,3.10,3.10,2.20,2.20,曼联,切尔西,英超,10126,3,2:1,,3.25,3.30,3.30,3.30,2.20,2.20
1.80,1.70,3.40,3.50,4.00,4.40,热刺,布莱浦,英超,10126,3,3:1,,1.85,1.61,3.75,3.80,4.00,5.50
6.50,6.50,3.90,3.90,1.45,1.45,弗赖堡,勒沃,德甲,10126,1,2:2,,7.00,8.00,4.75,4.00,1.40,1.44
2.00,1.90,3.30,3.30,3.30,3.70,拜仁,斯图加,德甲,10126,0,3:5,,1.75,1.95,3.75,3.40,4.33,3.90
2.00,2.00,3.20,3.20,3.40,3.40,尤文,切沃,意甲,10126,1,1:1,,2.20,2.20,3.10,3.15,3.50,3.40
2.10,2.10,3.20,3.20,3.20,3.20,巴勒莫,巴里,意甲,10126,1,1:1,,2.20,2.20,3.20,3.15,3.40,3.40
3.80,4.20,3.20,3.30,1.90,1.80,布雷西,卡塔尼,意甲,10126,3,1:0,,4.33,4.33,3.20,3.25,1.90,1.90
3.80,4.20,3.20,3.30,1.90,1.80,博洛尼,帕尔马,意甲,10126,1,0:0,,5.50,4.50,3.30,3.30,1.72,1.85
2.90,2.90,3.00,3.10,2.40,2.30,热那亚,桑普多,意甲,10126,0,0:1,,2.75,3.25,3.00,3.10,2.75,2.30
7.00,7.30,4.10,4.50,1.40,1.35,莱切,那不勒,意甲,10126,3,1:0,,8.50,9.00,4.75,4.50,1.36,1.36
2.10,2.00,3.30,3.30,3.10,3.30,马竞技,马拉加,西甲,10126,0,0:3,,2.10,2.15,3.50,3.30,3.30,3.40
12.00,10.00,5.50,5.00,1.20,1.25,塞维利,皇马,西甲,10126,3,1:0,,12.00,12.00,7.50,6.00,1.18,1.22
3.80,3.80,3.40,3.40,1.85,1.85,萨拉戈,奥萨苏,西甲,10126,1,0:0,,4.20,3.80,3.25,3.30,1.90,2.00
2.70,2.70,3.20,3.20,2.40,2.40,赫塔费,阿尔梅,西甲,10126,0,2:3,,2.87,2.75,3.20,3.25,2.50,2.55
3.00,3.40,3.20,3.20,2.20,2.00,斯托克,布莱克,英超,10127,0,0:2,,3.00,3.40,3.20,3.30,2.37,2.15
2.00,1.75,3.30,3.40,3.30,4.30,利物浦,布莱浦,英超,10127,3,2:1,,1.91,1.75,3.60,3.75,3.80,4.50
3.70,3.70,3.30,3.30,1.90,1.90,西布罗,博尔顿,英超,10127,3,2:0,,3.50,3.60,3.30,3.40,2.10,2.05
4.60,4.60,3.50,3.50,1.65,1.65,伯明翰,埃弗顿,英超,10127,1,1:1,,7.00,5.50,4.00,3.60,1.50,1.66
10.00,10.00,5.00,5.00,1.25,1.25,桑德兰,曼联,英超,10127,3,2:0,,12.00,12.00,5.50,5.00,1.25,1.28
2.10,2.10,3.30,3.30,3.10,3.10,曼城,纽卡斯,英超,10127,0,1:3,,2.30,2.20,3.20,3.30,3.10,3.30
3.30,3.30,3.30,3.30,2.00,2.00,维冈,狼队,英超,10127,0,1:2,,4.00,3.50,3.20,3.25,2.05,2.15
2.40,2.30,3.20,3.30,2.70,2.75,热刺,维拉,英超,10127,0,1:2,,2.05,2.30,3.30,3.30,3.60,3.10
5.70,4.60,3.80,3.50,1.50,1.65,维拉,曼城,英超,10128,3,4:0,,7.50,6.00,4.20,3.75,1.44,1.57
3.70,3.30,3.30,3.30,1.90,2.00,富勒姆,斯托克,英超,10128,0,0:2,,4.20,3.75,3.30,3.30,1.90,2.00
4.40,4.60,3.50,3.50,1.70,1.65,布莱浦,桑德兰,英超,10128,0,0:2,,5.50,6.00,3.75,3.75,1.61,1.57
5.40,5.00,3.70,3.60,1.57,1.60,纽卡斯,热刺,英超,10128,3,2:0,,6.50,6.50,3.80,3.80,1.53,1.53
3.80,3.30,3.40,3.30,1.85,2.00,布莱克,西布罗,英超,10128,0,1:3,,5.00,3.75,3.50,3.20,1.72,2.05
2.20,2.40,3.20,3.20,3.00,2.70,埃弗顿,西汉姆,英超,10128,1,1:1,,2.20,2.40,3.25,3.30,3.25,2.90
1.55,1.55,3.70,3.70,5.40,5.40,曼联,伯明翰,英超,10128,1,1:1,,1.44,1.57,4.20,3.75,7.50,6.00
7.80,9.00,4.60,5.00,1.33,1.27,博尔顿,切尔西,英超,10128,3,1:0,,11.00,12.00,5.00,5.50,1.28,1.25
1.55,1.55,3.70,3.70,5.40,5.40,阿森纳,维冈,英超,10128,1,2:2,,1.61,1.50,3.75,4.00,5.50,7.00
7.80,7.30,4.60,4.50,1.33,1.35,狼队,利物浦,英超,10128,0,0:1,,11.00,11.00,5.00,4.50,1.30,1.33
